Date,Sport,Google_Trends_Popularity,YouTube_Views_Score,Major_Event
1/1/2004,Football,31,0,0
2/1/2004,Football,30,0,0
3/1/2004,Football,31,0,0
4/1/2004,Football,32,0,0
5/1/2004,Football,34,0,0
6/1/2004,Football,47,0,1
7/1/2004,Football,32,0,0
8/1/2004,Football,38,0,0
9/1/2004,Football,39,0,0
10/1/2004,Football,36,0,0
11/1/2004,Football,35,0,0
12/1/2004,Football,29,0,0
1/1/2005,Football,30,0,0
2/1/2005,Football,32,0,0
3/1/2005,Football,31,0,0
4/1/2005,Football,34,0,0
5/1/2005,Football,35,0,0
6/1/2005,Football,35,0,0
7/1/2005,Football,29,0,0
8/1/2005,Football,39,0,0
9/1/2005,Football,41,0,0
10/1/2005,Football,41,0,0
11/1/2005,Football,37,0,0
12/1/2005,Football,34,0,0
1/1/2006,Football,33,0,0
2/1/2006,Football,33,0,0
3/1/2006,Football,33,0,0
4/1/2006,Football,37,0,0
5/1/2006,Football,48,0,0
6/1/2006,Football,89,0,1
7/1/2006,Football,46,0,0
8/1/2006,Football,39,0,0
9/1/2006,Football,42,0,0
10/1/2006,Football,39,0,0
11/1/2006,Football,36,0,0
12/1/2006,Football,30,0,0
1/1/2007,Football,32,0,0
2/1/2007,Football,32,0,0
3/1/2007,Football,31,0,0
4/1/2007,Football,33,0,0
5/1/2007,Football,34,0,0
6/1/2007,Football,34,0,0
7/1/2007,Football,33,0,0
8/1/2007,Football,42,0,0
9/1/2007,Football,44,0,0
10/1/2007,Football,39,0,0
11/1/2007,Football,38,0,0
12/1/2007,Football,32,0,0
1/1/2008,Football,33,84,0
2/1/2008,Football,33,83,0
3/1/2008,Football,34,77,0
4/1/2008,Football,34,81,0
5/1/2008,Football,37,89,0
6/1/2008,Football,47,100,1
7/1/2008,Football,30,79,0
8/1/2008,Football,41,72,0
9/1/2008,Football,41,71,0
10/1/2008,Football,39,73,0
11/1/2008,Football,37,72,0
12/1/2008,Football,33,67,0
1/1/2009,Football,33,60,0
2/1/2009,Football,34,61,0
3/1/2009,Football,34,61,0
4/1/2009,Football,36,59,0
5/1/2009,Football,39,63,0
6/1/2009,Football,35,60,0
7/1/2009,Football,32,53,0
8/1/2009,Football,46,59,0
9/1/2009,Football,46,63,0
10/1/2009,Football,45,59,0
11/1/2009,Football,44,70,0
12/1/2009,Football,37,55,0
1/1/2010,Football,38,49,0
2/1/2010,Football,39,49,0
3/1/2010,Football,40,49,0
4/1/2010,Football,41,53,0
5/1/2010,Football,45,60,0
6/1/2010,Football,78,93,1
7/1/2010,Football,52,69,0
8/1/2010,Football,46,49,0
9/1/2010,Football,45,55,0
10/1/2010,Football,43,53,0
11/1/2010,Football,44,50,0
12/1/2010,Football,36,46,0
1/1/2011,Football,40,47,0
2/1/2011,Football,39,42,0
3/1/2011,Football,36,45,0
4/1/2011,Football,40,46,0
5/1/2011,Football,41,45,0
6/1/2011,Football,35,46,0
7/1/2011,Football,39,47,0
8/1/2011,Football,42,45,0
9/1/2011,Football,48,41,0
10/1/2011,Football,44,46,0
11/1/2011,Football,42,42,0
12/1/2011,Football,36,40,0
1/1/2012,Football,39,35,0
2/1/2012,Football,37,37,0
3/1/2012,Football,38,36,0
4/1/2012,Football,41,38,0
5/1/2012,Football,41,40,0
6/1/2012,Football,55,49,1
7/1/2012,Football,37,41,0
8/1/2012,Football,48,39,0
9/1/2012,Football,47,37,0
10/1/2012,Football,46,36,0
11/1/2012,Football,46,38,0
12/1/2012,Football,41,34,0
1/1/2013,Football,40,32,0
2/1/2013,Football,41,32,0
3/1/2013,Football,40,34,0
4/1/2013,Football,39,34,0
5/1/2013,Football,40,37,0
6/1/2013,Football,40,38,0
7/1/2013,Football,35,36,0
8/1/2013,Football,46,35,0
9/1/2013,Football,52,37,0
10/1/2013,Football,45,36,0
11/1/2013,Football,46,37,0
12/1/2013,Football,45,34,0
1/1/2014,Football,43,33,0
2/1/2014,Football,42,33,0
3/1/2014,Football,44,33,0
4/1/2014,Football,49,38,0
5/1/2014,Football,47,43,0
6/1/2014,Football,91,76,1
7/1/2014,Football,57,57,0
8/1/2014,Football,46,38,0
9/1/2014,Football,50,40,0
10/1/2014,Football,47,43,0
11/1/2014,Football,47,41,0
12/1/2014,Football,43,39,0
1/1/2015,Football,44,36,0
2/1/2015,Football,43,36,0
3/1/2015,Football,49,37,0
4/1/2015,Football,45,37,0
5/1/2015,Football,43,40,0
6/1/2015,Football,42,43,0
7/1/2015,Football,38,38,0
8/1/2015,Football,51,37,0
9/1/2015,Football,56,44,0
10/1/2015,Football,51,40,0
11/1/2015,Football,52,40,0
12/1/2015,Football,46,35,0
1/1/2016,Football,50,33,0
2/1/2016,Football,53,35,0
3/1/2016,Football,51,36,0
4/1/2016,Football,54,36,0
5/1/2016,Football,51,38,0
6/1/2016,Football,72,48,1
7/1/2016,Football,48,42,0
8/1/2016,Football,59,37,0
9/1/2016,Football,59,40,0
10/1/2016,Football,56,38,0
11/1/2016,Football,41,37,0
12/1/2016,Football,42,35,0
1/1/2017,Football,27,0,0
2/1/2017,Football,29,0,0
3/1/2017,Football,34,0,0
4/1/2017,Football,39,0,0
5/1/2017,Football,36,0,0
6/1/2017,Football,32,0,0
7/1/2017,Football,32,0,0
8/1/2017,Football,40,34,0
9/1/2017,Football,40,35,0
10/1/2017,Football,49,38,0
11/1/2017,Football,44,33,0
12/1/2017,Football,45,30,0
1/1/2018,Football,43,30,0
2/1/2018,Football,42,29,0
3/1/2018,Football,42,29,0
4/1/2018,Football,46,29,0
5/1/2018,Football,40,31,0
6/1/2018,Football,90,62,1
7/1/2018,Football,69,46,0
8/1/2018,Football,49,37,0
9/1/2018,Football,45,30,0
10/1/2018,Football,40,26,0
11/1/2018,Football,46,30,0
12/1/2018,Football,49,32,0
1/1/2019,Football,53,33,0
2/1/2019,Football,51,30,0
3/1/2019,Football,56,32,0
4/1/2019,Football,54,31,0
5/1/2019,Football,51,32,0
6/1/2019,Football,61,42,1
7/1/2019,Football,50,33,0
8/1/2019,Football,58,31,0
9/1/2019,Football,56,34,0
10/1/2019,Football,52,32,0
11/1/2019,Football,53,35,0
12/1/2019,Football,53,33,0
1/1/2020,Football,49,29,0
2/1/2020,Football,47,28,0
3/1/2020,Football,29,25,0
4/1/2020,Football,13,17,0
5/1/2020,Football,16,17,0
6/1/2020,Football,29,19,0
7/1/2020,Football,38,22,0
8/1/2020,Football,37,23,0
9/1/2020,Football,46,22,0
10/1/2020,Football,47,24,0
11/1/2020,Football,47,26,0
12/1/2020,Football,46,23,0
1/1/2021,Football,48,22,0
2/1/2021,Football,50,23,0
3/1/2021,Football,50,24,0
4/1/2021,Football,49,24,0
5/1/2021,Football,51,25,0
6/1/2021,Football,79,40,1
7/1/2021,Football,63,35,0
8/1/2021,Football,56,29,0
9/1/2021,Football,61,33,0
10/1/2021,Football,63,32,0
11/1/2021,Football,56,32,0
12/1/2021,Football,51,30,0
1/1/2022,Football,45,28,0
2/1/2022,Football,48,29,0
3/1/2022,Football,49,31,0
4/1/2022,Football,52,30,0
5/1/2022,Football,53,35,0
6/1/2022,Football,43,33,0
7/1/2022,Football,41,31,0
8/1/2022,Football,50,32,0
9/1/2022,Football,53,35,0
10/1/2022,Football,58,38,0
11/1/2022,Football,100,62,1
12/1/2022,Football,94,64,0
1/1/2023,Football,51,38,0
2/1/2023,Football,51,35,0
3/1/2023,Football,52,37,0
4/1/2023,Football,57,36,0
5/1/2023,Football,58,38,0
6/1/2023,Football,48,39,0
7/1/2023,Football,50,36,0
8/1/2023,Football,66,40,0
9/1/2023,Football,64,44,0
10/1/2023,Football,61,43,0
11/1/2023,Football,59,42,0
12/1/2023,Football,52,35,0
1/1/2024,Football,51,43,0
2/1/2024,Football,47,40,0
3/1/2024,Football,50,38,0
4/1/2024,Football,51,42,0
5/1/2024,Football,43,38,0
6/1/2024,Football,80,45,1
7/1/2024,Football,70,44,0
8/1/2024,Football,52,40,0
9/1/2024,Football,57,43,0
10/1/2024,Football,53,43,0
11/1/2024,Football,46,40,0
12/1/2024,Football,41,41,0
1/1/2025,Football,38,38,0
2/1/2025,Football,41,39,0
3/1/2025,Football,43,41,0
4/1/2025,Football,42,38,0
1/1/2004,Basketball,39,0,0
2/1/2004,Basketball,42,0,0
3/1/2004,Basketball,64,0,0
4/1/2004,Basketball,31,0,0
5/1/2004,Basketball,25,0,0
6/1/2004,Basketball,23,0,0
7/1/2004,Basketball,19,0,0
8/1/2004,Basketball,29,0,1
9/1/2004,Basketball,23,0,0
10/1/2004,Basketball,26,0,0
11/1/2004,Basketball,38,0,0
12/1/2004,Basketball,36,0,0
1/1/2005,Basketball,40,0,0
2/1/2005,Basketball,45,0,0
3/1/2005,Basketball,65,0,0
4/1/2005,Basketball,30,0,0
5/1/2005,Basketball,25,0,0
6/1/2005,Basketball,22,0,0
7/1/2005,Basketball,18,0,0
8/1/2005,Basketball,19,0,0
9/1/2005,Basketball,23,0,0
10/1/2005,Basketball,27,0,0
11/1/2005,Basketball,39,0,0
12/1/2005,Basketball,37,0,0
1/1/2006,Basketball,41,0,0
2/1/2006,Basketball,42,0,0
3/1/2006,Basketball,63,0,0
4/1/2006,Basketball,26,0,0
5/1/2006,Basketball,24,0,0
6/1/2006,Basketball,20,0,0
7/1/2006,Basketball,19,0,0
8/1/2006,Basketball,32,0,0
9/1/2006,Basketball,25,0,0
10/1/2006,Basketball,26,0,0
11/1/2006,Basketball,38,0,0
12/1/2006,Basketball,35,0,0
1/1/2007,Basketball,37,0,0
2/1/2007,Basketball,43,0,0
3/1/2007,Basketball,62,0,0
4/1/2007,Basketball,26,0,0
5/1/2007,Basketball,21,0,0
6/1/2007,Basketball,19,0,0
7/1/2007,Basketball,17,0,0
8/1/2007,Basketball,19,0,0
9/1/2007,Basketball,24,0,0
10/1/2007,Basketball,24,0,0
11/1/2007,Basketball,35,0,0
12/1/2007,Basketball,32,0,0
1/1/2008,Basketball,34,68,0
2/1/2008,Basketball,40,74,0
3/1/2008,Basketball,51,73,0
4/1/2008,Basketball,24,63,0
5/1/2008,Basketball,21,57,0
6/1/2008,Basketball,18,58,0
7/1/2008,Basketball,18,59,0
8/1/2008,Basketball,33,100,1
9/1/2008,Basketball,17,49,0
10/1/2008,Basketball,22,50,0
11/1/2008,Basketball,32,56,0
12/1/2008,Basketball,32,58,0
1/1/2009,Basketball,34,58,0
2/1/2009,Basketball,37,61,0
3/1/2009,Basketball,57,71,0
4/1/2009,Basketball,24,53,0
5/1/2009,Basketball,21,53,0
6/1/2009,Basketball,18,55,0
7/1/2009,Basketball,15,46,0
8/1/2009,Basketball,16,43,0
9/1/2009,Basketball,22,46,0
10/1/2009,Basketball,22,46,0
11/1/2009,Basketball,31,50,0
12/1/2009,Basketball,29,46,0
1/1/2010,Basketball,35,54,0
2/1/2010,Basketball,36,53,0
3/1/2010,Basketball,57,55,0
4/1/2010,Basketball,25,47,0
5/1/2010,Basketball,20,42,0
6/1/2010,Basketball,17,41,0
7/1/2010,Basketball,16,38,0
8/1/2010,Basketball,20,47,0
9/1/2010,Basketball,24,46,1
10/1/2010,Basketball,22,40,0
11/1/2010,Basketball,33,45,0
12/1/2010,Basketball,32,42,0
1/1/2011,Basketball,37,44,0
2/1/2011,Basketball,41,51,0
3/1/2011,Basketball,59,52,0
4/1/2011,Basketball,26,42,0
5/1/2011,Basketball,20,39,0
6/1/2011,Basketball,19,41,0
7/1/2011,Basketball,15,34,0
8/1/2011,Basketball,16,38,0
9/1/2011,Basketball,23,39,0
10/1/2011,Basketball,21,37,0
11/1/2011,Basketball,35,43,0
12/1/2011,Basketball,37,43,0
1/1/2012,Basketball,40,42,0
2/1/2012,Basketball,43,46,0
3/1/2012,Basketball,59,43,0
4/1/2012,Basketball,24,38,0
5/1/2012,Basketball,22,38,0
6/1/2012,Basketball,21,37,0
7/1/2012,Basketball,29,54,0
8/1/2012,Basketball,33,59,1
9/1/2012,Basketball,18,33,0
10/1/2012,Basketball,22,34,0
11/1/2012,Basketball,37,40,0
12/1/2012,Basketball,35,41,0
1/1/2013,Basketball,37,43,0
2/1/2013,Basketball,48,49,0
3/1/2013,Basketball,62,50,0
4/1/2013,Basketball,31,47,0
5/1/2013,Basketball,22,36,0
6/1/2013,Basketball,22,38,0
7/1/2013,Basketball,17,36,0
8/1/2013,Basketball,16,37,0
9/1/2013,Basketball,21,39,0
10/1/2013,Basketball,24,38,0
11/1/2013,Basketball,38,44,0
12/1/2013,Basketball,37,43,0
1/1/2014,Basketball,43,40,0
2/1/2014,Basketball,48,43,0
3/1/2014,Basketball,73,40,0
4/1/2014,Basketball,32,40,0
5/1/2014,Basketball,23,38,0
6/1/2014,Basketball,19,39,0
7/1/2014,Basketball,17,36,0
8/1/2014,Basketball,21,46,1
9/1/2014,Basketball,28,58,0
10/1/2014,Basketball,23,44,0
11/1/2014,Basketball,35,40,0
12/1/2014,Basketball,38,40,0
1/1/2015,Basketball,43,39,0
2/1/2015,Basketball,45,41,0
3/1/2015,Basketball,69,44,0
4/1/2015,Basketball,32,40,0
5/1/2015,Basketball,22,38,0
6/1/2015,Basketball,22,41,0
7/1/2015,Basketball,16,34,0
8/1/2015,Basketball,17,36,0
9/1/2015,Basketball,26,43,0
10/1/2015,Basketball,23,36,0
11/1/2015,Basketball,37,40,0
12/1/2015,Basketball,41,40,0
1/1/2016,Basketball,50,38,0
2/1/2016,Basketball,56,39,0
3/1/2016,Basketball,73,43,0
4/1/2016,Basketball,32,41,0
5/1/2016,Basketball,24,44,0
6/1/2016,Basketball,23,40,0
7/1/2016,Basketball,20,40,0
8/1/2016,Basketball,39,57,1
9/1/2016,Basketball,19,35,0
10/1/2016,Basketball,24,35,0
11/1/2016,Basketball,34,43,0
12/1/2016,Basketball,38,39,0
1/1/2017,Basketball,44,0,0
2/1/2017,Basketball,53,0,0
3/1/2017,Basketball,66,0,0
4/1/2017,Basketball,29,0,0
5/1/2017,Basketball,24,0,0
6/1/2017,Basketball,25,0,0
7/1/2017,Basketball,18,0,0
8/1/2017,Basketball,19,31,0
9/1/2017,Basketball,24,31,0
10/1/2017,Basketball,29,33,0
11/1/2017,Basketball,46,38,0
12/1/2017,Basketball,49,35,0
1/1/2018,Basketball,58,34,0
2/1/2018,Basketball,63,34,0
3/1/2018,Basketball,85,32,0
4/1/2018,Basketball,32,28,0
5/1/2018,Basketball,24,28,0
6/1/2018,Basketball,23,29,0
7/1/2018,Basketball,20,32,0
8/1/2018,Basketball,19,28,0
9/1/2018,Basketball,21,25,0
10/1/2018,Basketball,24,25,0
11/1/2018,Basketball,51,31,0
12/1/2018,Basketball,50,28,0
1/1/2019,Basketball,61,27,0
2/1/2019,Basketball,71,30,0
3/1/2019,Basketball,100,30,0
4/1/2019,Basketball,39,26,0
5/1/2019,Basketball,28,27,0
6/1/2019,Basketball,27,27,0
7/1/2019,Basketball,22,24,0
8/1/2019,Basketball,24,28,1
9/1/2019,Basketball,46,35,0
10/1/2019,Basketball,28,24,0
11/1/2019,Basketball,59,31,0
12/1/2019,Basketball,52,32,0
1/1/2020,Basketball,65,33,0
2/1/2020,Basketball,68,35,0
3/1/2020,Basketball,38,26,0
4/1/2020,Basketball,17,19,0
5/1/2020,Basketball,16,19,0
6/1/2020,Basketball,17,18,0
7/1/2020,Basketball,15,18,0
8/1/2020,Basketball,19,18,0
9/1/2020,Basketball,20,18,0
10/1/2020,Basketball,19,18,0
11/1/2020,Basketball,25,22,0
12/1/2020,Basketball,41,22,0
1/1/2021,Basketball,42,23,0
2/1/2021,Basketball,50,26,0
3/1/2021,Basketball,76,28,0
4/1/2021,Basketball,32,22,0
5/1/2021,Basketball,24,20,0
6/1/2021,Basketball,24,22,0
7/1/2021,Basketball,35,31,1
8/1/2021,Basketball,33,27,0
9/1/2021,Basketball,20,19,0
10/1/2021,Basketball,25,23,0
11/1/2021,Basketball,49,29,0
12/1/2021,Basketball,50,28,0
1/1/2022,Basketball,50,28,0
2/1/2022,Basketball,63,31,0
3/1/2022,Basketball,85,33,0
4/1/2022,Basketball,38,27,0
5/1/2022,Basketball,27,29,0
6/1/2022,Basketball,27,29,0
7/1/2022,Basketball,22,29,0
8/1/2022,Basketball,22,26,0
9/1/2022,Basketball,35,28,0
10/1/2022,Basketball,27,29,0
11/1/2022,Basketball,47,34,0
12/1/2022,Basketball,51,31,0
1/1/2023,Basketball,60,30,0
2/1/2023,Basketball,64,35,0
3/1/2023,Basketball,92,33,0
4/1/2023,Basketball,38,29,0
5/1/2023,Basketball,34,31,0
6/1/2023,Basketball,28,27,0
7/1/2023,Basketball,22,25,0
8/1/2023,Basketball,34,31,1
9/1/2023,Basketball,42,32,0
10/1/2023,Basketball,30,28,0
11/1/2023,Basketball,52,36,0
12/1/2023,Basketball,49,38,0
1/1/2024,Basketball,59,34,0
2/1/2024,Basketball,72,33,0
3/1/2024,Basketball,100,35,0
4/1/2024,Basketball,50,31,0
5/1/2024,Basketball,31,25,0
6/1/2024,Basketball,26,26,0
7/1/2024,Basketball,50,45,0
8/1/2024,Basketball,77,50,1
9/1/2024,Basketball,23,25,0
10/1/2024,Basketball,29,27,0
11/1/2024,Basketball,50,34,0
12/1/2024,Basketball,50,33,0
1/1/2025,Basketball,55,33,0
2/1/2025,Basketball,68,37,0
3/1/2025,Basketball,95,41,0
4/1/2025,Basketball,44,31,0
1/1/2004,Tennis,43,0,1
2/1/2004,Tennis,34,0,0
3/1/2004,Tennis,35,0,0
4/1/2004,Tennis,38,0,0
5/1/2004,Tennis,47,0,0
6/1/2004,Tennis,64,0,1
7/1/2004,Tennis,57,0,0
8/1/2004,Tennis,53,0,0
9/1/2004,Tennis,60,0,1
10/1/2004,Tennis,37,0,0
11/1/2004,Tennis,34,0,0
12/1/2004,Tennis,25,0,0
1/1/2005,Tennis,47,0,1
2/1/2005,Tennis,36,0,0
3/1/2005,Tennis,39,0,0
4/1/2005,Tennis,45,0,0
5/1/2005,Tennis,51,0,0
6/1/2005,Tennis,68,0,1
7/1/2005,Tennis,51,0,0
8/1/2005,Tennis,48,0,0
9/1/2005,Tennis,64,0,0
10/1/2005,Tennis,36,0,0
11/1/2005,Tennis,33,0,0
12/1/2005,Tennis,23,0,0
1/1/2006,Tennis,48,0,0
2/1/2006,Tennis,33,0,0
3/1/2006,Tennis,36,0,0
4/1/2006,Tennis,36,0,0
5/1/2006,Tennis,46,0,0
6/1/2006,Tennis,58,0,1
7/1/2006,Tennis,48,0,0
8/1/2006,Tennis,50,0,0
9/1/2006,Tennis,55,0,0
10/1/2006,Tennis,34,0,0
11/1/2006,Tennis,32,0,0
12/1/2006,Tennis,22,0,0
1/1/2007,Tennis,46,0,0
2/1/2007,Tennis,31,0,0
3/1/2007,Tennis,36,0,0
4/1/2007,Tennis,38,0,0
5/1/2007,Tennis,43,0,0
6/1/2007,Tennis,57,0,0
7/1/2007,Tennis,52,0,0
8/1/2007,Tennis,46,0,0
9/1/2007,Tennis,50,0,1
10/1/2007,Tennis,32,0,0
11/1/2007,Tennis,32,0,0
12/1/2007,Tennis,22,0,0
1/1/2008,Tennis,45,97,0
2/1/2008,Tennis,30,82,0
3/1/2008,Tennis,34,76,0
4/1/2008,Tennis,36,87,0
5/1/2008,Tennis,45,88,0
6/1/2008,Tennis,51,92,0
7/1/2008,Tennis,53,93,0
8/1/2008,Tennis,57,100,1
9/1/2008,Tennis,54,82,0
10/1/2008,Tennis,35,60,0
11/1/2008,Tennis,30,59,0
12/1/2008,Tennis,21,51,0
1/1/2009,Tennis,43,69,0
2/1/2009,Tennis,34,65,0
3/1/2009,Tennis,35,59,0
4/1/2009,Tennis,38,58,0
5/1/2009,Tennis,49,65,0
6/1/2009,Tennis,60,86,0
7/1/2009,Tennis,48,65,0
8/1/2009,Tennis,44,53,0
9/1/2009,Tennis,68,72,0
10/1/2009,Tennis,31,45,0
11/1/2009,Tennis,33,43,0
12/1/2009,Tennis,22,37,0
1/1/2010,Tennis,42,49,0
2/1/2010,Tennis,29,42,0
3/1/2010,Tennis,29,42,0
4/1/2010,Tennis,34,45,0
5/1/2010,Tennis,41,47,0
6/1/2010,Tennis,51,51,1
7/1/2010,Tennis,33,40,0
8/1/2010,Tennis,38,39,0
9/1/2010,Tennis,52,56,0
10/1/2010,Tennis,28,37,0
11/1/2010,Tennis,29,35,0
12/1/2010,Tennis,19,30,0
1/1/2011,Tennis,39,45,0
2/1/2011,Tennis,25,32,0
3/1/2011,Tennis,30,35,0
4/1/2011,Tennis,33,38,0
5/1/2011,Tennis,46,41,0
6/1/2011,Tennis,60,58,1
7/1/2011,Tennis,36,44,0
8/1/2011,Tennis,35,38,0
9/1/2011,Tennis,51,42,0
10/1/2011,Tennis,27,31,0
11/1/2011,Tennis,28,32,0
12/1/2011,Tennis,19,29,0
1/1/2012,Tennis,38,48,0
2/1/2012,Tennis,25,38,0
3/1/2012,Tennis,30,35,0
4/1/2012,Tennis,28,35,0
5/1/2012,Tennis,37,36,0
6/1/2012,Tennis,53,48,0
7/1/2012,Tennis,51,51,0
8/1/2012,Tennis,51,56,1
9/1/2012,Tennis,51,39,0
10/1/2012,Tennis,27,30,0
11/1/2012,Tennis,25,29,0
12/1/2012,Tennis,17,28,0
1/1/2013,Tennis,36,37,0
2/1/2013,Tennis,25,31,0
3/1/2013,Tennis,31,31,0
4/1/2013,Tennis,28,32,0
5/1/2013,Tennis,36,35,0
6/1/2013,Tennis,48,47,1
7/1/2013,Tennis,42,41,0
8/1/2013,Tennis,41,35,0
9/1/2013,Tennis,46,38,0
10/1/2013,Tennis,29,31,0
11/1/2013,Tennis,25,29,0
12/1/2013,Tennis,17,25,0
1/1/2014,Tennis,36,37,0
2/1/2014,Tennis,23,30,0
3/1/2014,Tennis,32,32,0
4/1/2014,Tennis,27,32,0
5/1/2014,Tennis,37,35,0
6/1/2014,Tennis,43,39,1
7/1/2014,Tennis,34,35,0
8/1/2014,Tennis,39,35,0
9/1/2014,Tennis,43,39,0
10/1/2014,Tennis,29,33,0
11/1/2014,Tennis,26,30,0
12/1/2014,Tennis,15,26,0
1/1/2015,Tennis,35,33,0
2/1/2015,Tennis,26,30,0
3/1/2015,Tennis,28,31,0
4/1/2015,Tennis,28,33,0
5/1/2015,Tennis,38,33,0
6/1/2015,Tennis,42,37,0
7/1/2015,Tennis,43,37,1
8/1/2015,Tennis,34,32,0
9/1/2015,Tennis,53,40,0
10/1/2015,Tennis,25,29,0
11/1/2015,Tennis,24,27,0
12/1/2015,Tennis,16,24,0
1/1/2016,Tennis,38,31,0
2/1/2016,Tennis,24,28,0
3/1/2016,Tennis,29,29,0
4/1/2016,Tennis,29,29,0
5/1/2016,Tennis,40,31,0
6/1/2016,Tennis,37,30,1
7/1/2016,Tennis,39,30,0
8/1/2016,Tennis,48,41,1
9/1/2016,Tennis,47,35,0
10/1/2016,Tennis,25,26,0
11/1/2016,Tennis,24,25,0
12/1/2016,Tennis,15,21,0
1/1/2017,Tennis,44,0,0
2/1/2017,Tennis,28,0,0
3/1/2017,Tennis,36,0,0
4/1/2017,Tennis,34,0,0
5/1/2017,Tennis,41,0,0
6/1/2017,Tennis,47,0,0
7/1/2017,Tennis,52,0,0
8/1/2017,Tennis,42,25,0
9/1/2017,Tennis,61,27,0
10/1/2017,Tennis,32,25,0
11/1/2017,Tennis,28,23,0
12/1/2017,Tennis,18,20,0
1/1/2018,Tennis,47,30,0
2/1/2018,Tennis,28,23,0
3/1/2018,Tennis,33,24,0
4/1/2018,Tennis,31,23,0
5/1/2018,Tennis,42,24,0
6/1/2018,Tennis,48,24,0
7/1/2018,Tennis,48,24,1
8/1/2018,Tennis,48,24,0
9/1/2018,Tennis,65,29,0
10/1/2018,Tennis,27,19,0
11/1/2018,Tennis,24,21,0
12/1/2018,Tennis,15,17,0
1/1/2019,Tennis,46,24,0
2/1/2019,Tennis,26,20,0
3/1/2019,Tennis,38,21,0
4/1/2019,Tennis,32,20,0
5/1/2019,Tennis,46,21,0
6/1/2019,Tennis,59,25,0
7/1/2019,Tennis,63,28,1
8/1/2019,Tennis,53,21,0
9/1/2019,Tennis,58,21,0
10/1/2019,Tennis,30,17,0
11/1/2019,Tennis,31,17,0
12/1/2019,Tennis,15,15,0
1/1/2020,Tennis,45,20,0
2/1/2020,Tennis,32,20,0
3/1/2020,Tennis,16,16,0
4/1/2020,Tennis,12,13,0
5/1/2020,Tennis,14,14,0
6/1/2020,Tennis,18,16,0
7/1/2020,Tennis,18,16,0
8/1/2020,Tennis,22,16,1
9/1/2020,Tennis,53,24,0
10/1/2020,Tennis,39,20,0
11/1/2020,Tennis,25,19,0
12/1/2020,Tennis,14,15,0
1/1/2021,Tennis,15,18,0
2/1/2021,Tennis,35,23,0
3/1/2021,Tennis,27,21,0
4/1/2021,Tennis,31,20,0
5/1/2021,Tennis,37,22,0
6/1/2021,Tennis,58,25,0
7/1/2021,Tennis,56,27,1
8/1/2021,Tennis,38,23,0
9/1/2021,Tennis,68,28,0
10/1/2021,Tennis,30,20,0
11/1/2021,Tennis,30,21,0
12/1/2021,Tennis,16,19,0
1/1/2022,Tennis,46,24,0
2/1/2022,Tennis,27,23,0
3/1/2022,Tennis,33,23,0
4/1/2022,Tennis,32,22,0
5/1/2022,Tennis,52,27,0
6/1/2022,Tennis,51,27,0
7/1/2022,Tennis,46,28,0
8/1/2022,Tennis,40,24,0
9/1/2022,Tennis,59,26,0
10/1/2022,Tennis,24,20,0
11/1/2022,Tennis,24,22,0
12/1/2022,Tennis,15,18,0
1/1/2023,Tennis,37,24,0
2/1/2023,Tennis,26,23,0
3/1/2023,Tennis,32,25,0
4/1/2023,Tennis,36,23,0
5/1/2023,Tennis,44,27,0
6/1/2023,Tennis,56,29,0
7/1/2023,Tennis,64,29,1
8/1/2023,Tennis,47,27,0
9/1/2023,Tennis,62,33,0
10/1/2023,Tennis,32,23,0
11/1/2023,Tennis,32,26,0
12/1/2023,Tennis,17,22,0
1/1/2024,Tennis,47,31,0
2/1/2024,Tennis,28,27,0
3/1/2024,Tennis,39,31,0
4/1/2024,Tennis,39,28,0
5/1/2024,Tennis,48,30,0
6/1/2024,Tennis,52,30,0
7/1/2024,Tennis,68,31,1
8/1/2024,Tennis,67,38,0
9/1/2024,Tennis,100,30,0
10/1/2024,Tennis,31,26,0
11/1/2024,Tennis,28,23,0
12/1/2024,Tennis,19,21,0
1/1/2025,Tennis,39,30,0
2/1/2025,Tennis,28,28,0
3/1/2025,Tennis,35,31,0
4/1/2025,Tennis,33,30,0
1/1/2004,Golf,44,0,0
2/1/2004,Golf,53,0,0
3/1/2004,Golf,62,0,0
4/1/2004,Golf,83,0,1
5/1/2004,Golf,82,0,0
6/1/2004,Golf,93,0,0
7/1/2004,Golf,100,0,0
8/1/2004,Golf,85,0,0
9/1/2004,Golf,69,0,0
10/1/2004,Golf,49,0,0
11/1/2004,Golf,45,0,0
12/1/2004,Golf,43,0,0
1/1/2005,Golf,44,0,0
2/1/2005,Golf,49,0,0
3/1/2005,Golf,58,0,0
4/1/2005,Golf,81,0,1
5/1/2005,Golf,73,0,0
6/1/2005,Golf,89,0,0
7/1/2005,Golf,91,0,0
8/1/2005,Golf,81,0,0
9/1/2005,Golf,63,0,0
10/1/2005,Golf,49,0,0
11/1/2005,Golf,41,0,0
12/1/2005,Golf,39,0,0
1/1/2006,Golf,40,0,0
2/1/2006,Golf,43,0,0
3/1/2006,Golf,50,0,0
4/1/2006,Golf,70,0,0
5/1/2006,Golf,66,0,0
6/1/2006,Golf,76,0,0
7/1/2006,Golf,82,0,0
8/1/2006,Golf,76,0,0
9/1/2006,Golf,60,0,0
10/1/2006,Golf,48,0,0
11/1/2006,Golf,38,0,0
12/1/2006,Golf,36,0,0
1/1/2007,Golf,36,0,0
2/1/2007,Golf,40,0,0
3/1/2007,Golf,48,0,0
4/1/2007,Golf,64,0,0
5/1/2007,Golf,61,0,0
6/1/2007,Golf,74,0,0
7/1/2007,Golf,74,0,0
8/1/2007,Golf,65,0,0
9/1/2007,Golf,49,0,0
10/1/2007,Golf,41,0,0
11/1/2007,Golf,32,0,0
12/1/2007,Golf,31,0,0
1/1/2008,Golf,35,54,0
2/1/2008,Golf,38,64,0
3/1/2008,Golf,42,66,0
4/1/2008,Golf,54,79,1
5/1/2008,Golf,55,81,0
6/1/2008,Golf,71,98,0
7/1/2008,Golf,64,100,0
8/1/2008,Golf,55,88,0
9/1/2008,Golf,41,68,0
10/1/2008,Golf,33,59,0
11/1/2008,Golf,26,49,0
12/1/2008,Golf,26,47,0
1/1/2009,Golf,27,50,0
2/1/2009,Golf,30,55,0
3/1/2009,Golf,38,71,0
4/1/2009,Golf,50,86,1
5/1/2009,Golf,50,81,0
6/1/2009,Golf,59,81,0
7/1/2009,Golf,55,90,0
8/1/2009,Golf,51,86,0
9/1/2009,Golf,39,67,0
10/1/2009,Golf,30,54,0
11/1/2009,Golf,26,47,0
12/1/2009,Golf,24,43,0
1/1/2010,Golf,23,46,0
2/1/2010,Golf,26,44,0
3/1/2010,Golf,31,52,0
4/1/2010,Golf,46,74,0
5/1/2010,Golf,41,67,0
6/1/2010,Golf,47,65,0
7/1/2010,Golf,52,67,0
8/1/2010,Golf,47,68,0
9/1/2010,Golf,34,57,0
10/1/2010,Golf,26,52,0
11/1/2010,Golf,23,41,0
12/1/2010,Golf,22,37,0
1/1/2011,Golf,23,41,0
2/1/2011,Golf,26,43,0
3/1/2011,Golf,29,45,0
4/1/2011,Golf,43,62,0
5/1/2011,Golf,39,62,0
6/1/2011,Golf,51,67,0
7/1/2011,Golf,47,62,0
8/1/2011,Golf,40,61,0
9/1/2011,Golf,31,44,0
10/1/2011,Golf,24,39,0
11/1/2011,Golf,22,35,0
12/1/2011,Golf,21,38,0
1/1/2012,Golf,23,36,0
2/1/2012,Golf,25,37,0
3/1/2012,Golf,32,47,0
4/1/2012,Golf,39,59,1
5/1/2012,Golf,37,51,0
6/1/2012,Golf,46,57,0
7/1/2012,Golf,42,54,0
8/1/2012,Golf,37,47,0
9/1/2012,Golf,32,42,0
10/1/2012,Golf,24,37,0
11/1/2012,Golf,20,33,0
12/1/2012,Golf,19,30,0
1/1/2013,Golf,21,39,0
2/1/2013,Golf,23,39,0
3/1/2013,Golf,28,44,0
4/1/2013,Golf,38,53,1
5/1/2013,Golf,35,51,0
6/1/2013,Golf,43,54,0
7/1/2013,Golf,40,53,0
8/1/2013,Golf,37,54,0
9/1/2013,Golf,27,42,0
10/1/2013,Golf,23,38,0
11/1/2013,Golf,19,34,0
12/1/2013,Golf,18,29,0
1/1/2014,Golf,20,33,0
2/1/2014,Golf,21,35,0
3/1/2014,Golf,25,39,0
4/1/2014,Golf,32,50,0
5/1/2014,Golf,32,48,0
6/1/2014,Golf,37,49,0
7/1/2014,Golf,36,50,0
8/1/2014,Golf,35,52,0
9/1/2014,Golf,27,46,0
10/1/2014,Golf,21,37,0
11/1/2014,Golf,18,32,0
12/1/2014,Golf,17,30,0
1/1/2015,Golf,18,34,0
2/1/2015,Golf,20,36,0
3/1/2015,Golf,23,41,0
4/1/2015,Golf,34,50,0
5/1/2015,Golf,32,50,0
6/1/2015,Golf,39,51,0
7/1/2015,Golf,38,52,0
8/1/2015,Golf,34,50,0
9/1/2015,Golf,26,44,0
10/1/2015,Golf,20,35,0
11/1/2015,Golf,17,30,0
12/1/2015,Golf,16,29,0
1/1/2016,Golf,16,31,0
2/1/2016,Golf,20,34,0
3/1/2016,Golf,25,39,0
4/1/2016,Golf,31,52,0
5/1/2016,Golf,30,50,0
6/1/2016,Golf,35,56,0
7/1/2016,Golf,34,53,0
8/1/2016,Golf,36,50,1
9/1/2016,Golf,25,43,0
10/1/2016,Golf,21,36,0
11/1/2016,Golf,20,33,0
12/1/2016,Golf,18,33,0
1/1/2017,Golf,23,0,0
2/1/2017,Golf,31,0,0
3/1/2017,Golf,35,0,0
4/1/2017,Golf,47,0,0
5/1/2017,Golf,48,0,1
6/1/2017,Golf,56,0,0
7/1/2017,Golf,58,0,0
8/1/2017,Golf,53,52,0
9/1/2017,Golf,44,47,0
10/1/2017,Golf,35,43,0
11/1/2017,Golf,29,40,0
12/1/2017,Golf,27,34,0
1/1/2018,Golf,28,39,0
2/1/2018,Golf,29,38,0
3/1/2018,Golf,32,43,0
4/1/2018,Golf,39,51,0
5/1/2018,Golf,39,49,0
6/1/2018,Golf,44,51,0
7/1/2018,Golf,44,57,0
8/1/2018,Golf,44,63,0
9/1/2018,Golf,37,48,0
10/1/2018,Golf,25,38,0
11/1/2018,Golf,24,34,0
12/1/2018,Golf,20,31,0
1/1/2019,Golf,21,33,0
2/1/2019,Golf,24,36,0
3/1/2019,Golf,30,39,0
4/1/2019,Golf,38,44,0
5/1/2019,Golf,37,48,0
6/1/2019,Golf,45,48,0
7/1/2019,Golf,42,51,0
8/1/2019,Golf,39,46,0
9/1/2019,Golf,31,41,0
10/1/2019,Golf,26,38,0
11/1/2019,Golf,25,35,0
12/1/2019,Golf,22,34,0
1/1/2020,Golf,24,36,0
2/1/2020,Golf,24,38,0
3/1/2020,Golf,22,35,0
4/1/2020,Golf,22,37,0
5/1/2020,Golf,33,48,0
6/1/2020,Golf,39,58,0
7/1/2020,Golf,39,59,0
8/1/2020,Golf,42,62,1
9/1/2020,Golf,40,62,0
10/1/2020,Golf,30,54,0
11/1/2020,Golf,32,56,0
12/1/2020,Golf,26,49,0
1/1/2021,Golf,22,48,0
2/1/2021,Golf,25,46,0
3/1/2021,Golf,31,52,0
4/1/2021,Golf,40,65,0
5/1/2021,Golf,42,64,0
6/1/2021,Golf,44,67,0
7/1/2021,Golf,44,65,0
8/1/2021,Golf,42,63,0
9/1/2021,Golf,34,61,0
10/1/2021,Golf,30,58,0
11/1/2021,Golf,26,47,0
12/1/2021,Golf,23,42,0
1/1/2022,Golf,22,48,0
2/1/2022,Golf,23,50,0
3/1/2022,Golf,26,56,0
4/1/2022,Golf,35,62,0
5/1/2022,Golf,33,63,0
6/1/2022,Golf,42,79,0
7/1/2022,Golf,41,78,0
8/1/2022,Golf,36,68,0
9/1/2022,Golf,30,67,0
10/1/2022,Golf,25,61,0
11/1/2022,Golf,21,52,0
12/1/2022,Golf,18,43,0
1/1/2023,Golf,21,49,0
2/1/2023,Golf,24,52,0
3/1/2023,Golf,33,57,0
4/1/2023,Golf,46,66,1
5/1/2023,Golf,43,65,0
6/1/2023,Golf,53,70,1
7/1/2023,Golf,49,67,0
8/1/2023,Golf,43,64,0
9/1/2023,Golf,37,57,0
10/1/2023,Golf,31,50,0
11/1/2023,Golf,28,49,0
12/1/2023,Golf,24,45,0
1/1/2024,Golf,21,46,0
2/1/2024,Golf,23,46,0
3/1/2024,Golf,31,55,0
4/1/2024,Golf,42,62,0
5/1/2024,Golf,41,65,0
6/1/2024,Golf,53,69,0
7/1/2024,Golf,45,64,0
8/1/2024,Golf,47,64,0
9/1/2024,Golf,33,60,0
10/1/2024,Golf,28,51,0
11/1/2024,Golf,26,49,0
12/1/2024,Golf,24,46,0
1/1/2025,Golf,24,49,0
2/1/2025,Golf,26,50,0
3/1/2025,Golf,34,56,0
4/1/2025,Golf,44,69,0
1/1/2004,Boxing,40,0,0
2/1/2004,Boxing,38,0,0
3/1/2004,Boxing,39,0,0
4/1/2004,Boxing,45,0,0
5/1/2004,Boxing,45,0,1
6/1/2004,Boxing,36,0,0
7/1/2004,Boxing,39,0,0
8/1/2004,Boxing,46,0,1
9/1/2004,Boxing,45,0,0
10/1/2004,Boxing,39,0,0
11/1/2004,Boxing,38,0,0
12/1/2004,Boxing,41,0,1
1/1/2005,Boxing,37,0,0
2/1/2005,Boxing,41,0,0
3/1/2005,Boxing,48,0,0
4/1/2005,Boxing,45,0,0
5/1/2005,Boxing,49,0,0
6/1/2005,Boxing,52,0,0
7/1/2005,Boxing,42,0,0
8/1/2005,Boxing,37,0,0
9/1/2005,Boxing,44,0,0
10/1/2005,Boxing,43,0,0
11/1/2005,Boxing,41,0,0
12/1/2005,Boxing,44,0,0
1/1/2006,Boxing,46,0,0
2/1/2006,Boxing,42,0,0
3/1/2006,Boxing,44,0,0
4/1/2006,Boxing,41,0,0
5/1/2006,Boxing,43,0,0
6/1/2006,Boxing,37,0,0
7/1/2006,Boxing,37,0,0
8/1/2006,Boxing,38,0,0
9/1/2006,Boxing,40,0,0
10/1/2006,Boxing,40,0,0
11/1/2006,Boxing,45,0,0
12/1/2006,Boxing,38,0,0
1/1/2007,Boxing,41,0,0
2/1/2007,Boxing,38,0,0
3/1/2007,Boxing,41,0,0
4/1/2007,Boxing,40,0,0
5/1/2007,Boxing,45,0,0
6/1/2007,Boxing,39,0,0
7/1/2007,Boxing,39,0,0
8/1/2007,Boxing,33,0,0
9/1/2007,Boxing,35,0,0
10/1/2007,Boxing,44,0,0
11/1/2007,Boxing,39,0,0
12/1/2007,Boxing,51,0,0
1/1/2008,Boxing,36,96,0
2/1/2008,Boxing,39,92,0
3/1/2008,Boxing,40,95,0
4/1/2008,Boxing,36,100,0
5/1/2008,Boxing,34,87,0
6/1/2008,Boxing,35,82,0
7/1/2008,Boxing,36,87,0
8/1/2008,Boxing,47,91,1
9/1/2008,Boxing,35,92,0
10/1/2008,Boxing,37,81,0
11/1/2008,Boxing,40,84,0
12/1/2008,Boxing,48,95,0
1/1/2009,Boxing,35,80,0
2/1/2009,Boxing,35,75,0
3/1/2009,Boxing,39,84,0
4/1/2009,Boxing,34,76,0
5/1/2009,Boxing,44,92,0
6/1/2009,Boxing,37,77,0
7/1/2009,Boxing,36,74,0
8/1/2009,Boxing,35,68,0
9/1/2009,Boxing,44,81,0
10/1/2009,Boxing,39,78,0
11/1/2009,Boxing,58,94,0
12/1/2009,Boxing,42,83,0
1/1/2010,Boxing,35,71,0
2/1/2010,Boxing,36,71,0
3/1/2010,Boxing,41,74,0
4/1/2010,Boxing,40,73,0
5/1/2010,Boxing,42,74,0
6/1/2010,Boxing,30,56,0
7/1/2010,Boxing,29,55,0
8/1/2010,Boxing,32,57,0
9/1/2010,Boxing,36,64,0
10/1/2010,Boxing,39,67,0
11/1/2010,Boxing,53,79,0
12/1/2010,Boxing,38,66,0
1/1/2011,Boxing,34,58,0
2/1/2011,Boxing,35,63,0
3/1/2011,Boxing,39,64,0
4/1/2011,Boxing,39,63,0
5/1/2011,Boxing,44,62,0
6/1/2011,Boxing,35,61,0
7/1/2011,Boxing,42,58,0
8/1/2011,Boxing,32,55,0
9/1/2011,Boxing,47,65,0
10/1/2011,Boxing,37,61,0
11/1/2011,Boxing,50,66,0
12/1/2011,Boxing,43,61,0
1/1/2012,Boxing,35,56,0
2/1/2012,Boxing,46,66,0
3/1/2012,Boxing,40,57,0
4/1/2012,Boxing,36,56,0
5/1/2012,Boxing,40,55,0
6/1/2012,Boxing,44,53,0
7/1/2012,Boxing,50,58,0
8/1/2012,Boxing,58,67,1
9/1/2012,Boxing,45,54,0
10/1/2012,Boxing,36,51,0
11/1/2012,Boxing,44,53,0
12/1/2012,Boxing,48,66,0
1/1/2013,Boxing,37,54,0
2/1/2013,Boxing,38,53,0
3/1/2013,Boxing,35,49,0
4/1/2013,Boxing,40,53,0
5/1/2013,Boxing,44,53,0
6/1/2013,Boxing,34,47,0
7/1/2013,Boxing,35,47,0
8/1/2013,Boxing,35,46,0
9/1/2013,Boxing,51,52,0
10/1/2013,Boxing,44,53,0
11/1/2013,Boxing,45,56,0
12/1/2013,Boxing,41,52,0
1/1/2014,Boxing,36,48,0
2/1/2014,Boxing,36,48,0
3/1/2014,Boxing,37,44,0
4/1/2014,Boxing,45,50,0
5/1/2014,Boxing,46,51,0
6/1/2014,Boxing,35,45,0
7/1/2014,Boxing,32,41,0
8/1/2014,Boxing,34,43,0
9/1/2014,Boxing,40,48,0
10/1/2014,Boxing,36,53,0
11/1/2014,Boxing,48,56,1
12/1/2014,Boxing,38,49,0
1/1/2015,Boxing,36,46,0
2/1/2015,Boxing,37,45,0
3/1/2015,Boxing,40,51,0
4/1/2015,Boxing,49,54,0
5/1/2015,Boxing,94,78,0
6/1/2015,Boxing,35,44,0
7/1/2015,Boxing,35,43,0
8/1/2015,Boxing,37,48,0
9/1/2015,Boxing,43,47,0
10/1/2015,Boxing,40,48,0
11/1/2015,Boxing,52,50,0
12/1/2015,Boxing,44,49,0
1/1/2016,Boxing,39,49,0
2/1/2016,Boxing,40,46,0
3/1/2016,Boxing,39,47,0
4/1/2016,Boxing,47,49,0
5/1/2016,Boxing,46,48,0
6/1/2016,Boxing,42,46,0
7/1/2016,Boxing,37,42,0
8/1/2016,Boxing,54,51,1
9/1/2016,Boxing,46,46,0
10/1/2016,Boxing,35,41,0
11/1/2016,Boxing,46,45,0
12/1/2016,Boxing,50,47,0
1/1/2017,Boxing,43,0,0
2/1/2017,Boxing,47,0,0
3/1/2017,Boxing,50,0,0
4/1/2017,Boxing,61,0,0
5/1/2017,Boxing,54,0,0
6/1/2017,Boxing,51,0,0
7/1/2017,Boxing,53,0,0
8/1/2017,Boxing,91,72,0
9/1/2017,Boxing,58,54,0
10/1/2017,Boxing,49,46,0
11/1/2017,Boxing,43,46,0
12/1/2017,Boxing,44,41,0
1/1/2018,Boxing,40,40,0
2/1/2018,Boxing,51,54,0
3/1/2018,Boxing,64,64,0
4/1/2018,Boxing,58,67,0
5/1/2018,Boxing,56,59,0
6/1/2018,Boxing,50,55,0
7/1/2018,Boxing,54,65,0
8/1/2018,Boxing,56,63,0
9/1/2018,Boxing,72,68,0
10/1/2018,Boxing,61,71,0
11/1/2018,Boxing,58,58,0
12/1/2018,Boxing,74,77,0
1/1/2019,Boxing,63,79,0
2/1/2019,Boxing,54,66,0
3/1/2019,Boxing,52,58,0
4/1/2019,Boxing,50,62,0
5/1/2019,Boxing,55,66,0
6/1/2019,Boxing,71,79,0
7/1/2019,Boxing,67,86,0
8/1/2019,Boxing,52,68,0
9/1/2019,Boxing,60,65,0
10/1/2019,Boxing,54,67,0
11/1/2019,Boxing,71,86,0
12/1/2019,Boxing,74,75,0
1/1/2020,Boxing,65,72,0
2/1/2020,Boxing,74,80,0
3/1/2020,Boxing,42,61,0
4/1/2020,Boxing,34,51,0
5/1/2020,Boxing,35,50,0
6/1/2020,Boxing,31,42,0
7/1/2020,Boxing,29,34,0
8/1/2020,Boxing,34,38,1
9/1/2020,Boxing,34,36,0
10/1/2020,Boxing,40,37,0
11/1/2020,Boxing,47,44,0
12/1/2020,Boxing,45,41,0
1/1/2021,Boxing,33,38,0
2/1/2021,Boxing,35,37,0
3/1/2021,Boxing,34,37,0
4/1/2021,Boxing,35,41,0
5/1/2021,Boxing,44,48,0
6/1/2021,Boxing,48,57,0
7/1/2021,Boxing,46,45,0
8/1/2021,Boxing,56,50,0
9/1/2021,Boxing,45,43,0
10/1/2021,Boxing,44,44,0
11/1/2021,Boxing,42,43,0
12/1/2021,Boxing,40,42,0
1/1/2022,Boxing,32,37,0
2/1/2022,Boxing,36,40,0
3/1/2022,Boxing,35,41,0
4/1/2022,Boxing,42,42,0
5/1/2022,Boxing,44,48,0
6/1/2022,Boxing,37,46,0
7/1/2022,Boxing,34,40,0
8/1/2022,Boxing,42,44,0
9/1/2022,Boxing,41,44,0
10/1/2022,Boxing,36,40,0
11/1/2022,Boxing,33,40,0
12/1/2022,Boxing,34,38,0
1/1/2023,Boxing,36,38,0
2/1/2023,Boxing,38,40,0
3/1/2023,Boxing,41,44,0
4/1/2023,Boxing,48,51,0
5/1/2023,Boxing,42,49,0
6/1/2023,Boxing,37,43,0
7/1/2023,Boxing,47,50,1
8/1/2023,Boxing,44,46,0
9/1/2023,Boxing,42,43,0
10/1/2023,Boxing,50,51,0
11/1/2023,Boxing,40,48,0
12/1/2023,Boxing,43,48,0
1/1/2024,Boxing,36,39,0
2/1/2024,Boxing,37,42,0
3/1/2024,Boxing,47,48,0
4/1/2024,Boxing,41,46,0
5/1/2024,Boxing,56,54,0
6/1/2024,Boxing,41,46,0
7/1/2024,Boxing,45,46,0
8/1/2024,Boxing,100,66,0
9/1/2024,Boxing,47,46,0
10/1/2024,Boxing,42,45,0
11/1/2024,Boxing,66,55,0
12/1/2024,Boxing,48,49,0
1/1/2025,Boxing,35,39,0
2/1/2025,Boxing,44,40,0
3/1/2025,Boxing,38,40,0
4/1/2025,Boxing,37,40,0
1/1/2004,Handball,25,0,0
2/1/2004,Handball,20,0,0
3/1/2004,Handball,20,0,0
4/1/2004,Handball,19,0,0
5/1/2004,Handball,20,0,0
6/1/2004,Handball,15,0,0
7/1/2004,Handball,11,0,0
8/1/2004,Handball,25,0,0
9/1/2004,Handball,24,0,0
10/1/2004,Handball,23,0,0
11/1/2004,Handball,25,0,0
12/1/2004,Handball,24,0,0
1/1/2005,Handball,27,0,1
2/1/2005,Handball,29,0,0
3/1/2005,Handball,23,0,0
4/1/2005,Handball,23,0,0
5/1/2005,Handball,22,0,0
6/1/2005,Handball,17,0,0
7/1/2005,Handball,12,0,0
8/1/2005,Handball,17,0,0
9/1/2005,Handball,23,0,0
10/1/2005,Handball,24,0,0
11/1/2005,Handball,26,0,0
12/1/2005,Handball,26,0,0
1/1/2006,Handball,26,0,0
2/1/2006,Handball,26,0,0
3/1/2006,Handball,24,0,0
4/1/2006,Handball,22,0,0
5/1/2006,Handball,22,0,0
6/1/2006,Handball,15,0,0
7/1/2006,Handball,12,0,0
8/1/2006,Handball,17,0,1
9/1/2006,Handball,24,0,0
10/1/2006,Handball,27,0,0
11/1/2006,Handball,26,0,0
12/1/2006,Handball,26,0,0
1/1/2007,Handball,57,0,1
2/1/2007,Handball,47,0,0
3/1/2007,Handball,25,0,0
4/1/2007,Handball,22,0,0
5/1/2007,Handball,20,0,0
6/1/2007,Handball,18,0,0
7/1/2007,Handball,13,0,0
8/1/2007,Handball,17,0,0
9/1/2007,Handball,23,0,0
10/1/2007,Handball,23,0,0
11/1/2007,Handball,25,0,0
12/1/2007,Handball,27,0,0
1/1/2008,Handball,39,55,0
2/1/2008,Handball,21,36,0
3/1/2008,Handball,21,30,0
4/1/2008,Handball,21,32,0
5/1/2008,Handball,18,32,0
6/1/2008,Handball,16,29,0
7/1/2008,Handball,12,22,0
8/1/2008,Handball,24,44,0
9/1/2008,Handball,21,25,0
10/1/2008,Handball,20,25,0
11/1/2008,Handball,22,26,0
12/1/2008,Handball,22,26,0
1/1/2009,Handball,52,70,1
2/1/2009,Handball,26,39,0
3/1/2009,Handball,23,29,0
4/1/2009,Handball,18,24,0
5/1/2009,Handball,19,25,0
6/1/2009,Handball,17,22,0
7/1/2009,Handball,11,18,0
8/1/2009,Handball,15,19,0
9/1/2009,Handball,23,21,0
10/1/2009,Handball,22,25,0
11/1/2009,Handball,26,100,0
12/1/2009,Handball,24,27,0
1/1/2010,Handball,43,49,0
2/1/2010,Handball,24,33,0
3/1/2010,Handball,22,21,0
4/1/2010,Handball,19,24,0
5/1/2010,Handball,21,22,0
6/1/2010,Handball,15,32,0
7/1/2010,Handball,10,25,0
8/1/2010,Handball,15,17,0
9/1/2010,Handball,20,20,0
10/1/2010,Handball,21,20,0
11/1/2010,Handball,22,20,0
12/1/2010,Handball,23,21,0
1/1/2011,Handball,60,50,1
2/1/2011,Handball,21,34,0
3/1/2011,Handball,20,19,0
4/1/2011,Handball,19,19,0
5/1/2011,Handball,18,20,0
6/1/2011,Handball,13,17,0
7/1/2011,Handball,10,18,0
8/1/2011,Handball,13,16,0
9/1/2011,Handball,19,18,0
10/1/2011,Handball,20,25,0
11/1/2011,Handball,20,22,0
12/1/2011,Handball,24,21,0
1/1/2012,Handball,43,52,0
2/1/2012,Handball,17,24,0
3/1/2012,Handball,18,18,0
4/1/2012,Handball,17,17,0
5/1/2012,Handball,17,17,0
6/1/2012,Handball,12,16,0
7/1/2012,Handball,14,17,0
8/1/2012,Handball,26,31,1
9/1/2012,Handball,19,17,0
10/1/2012,Handball,19,16,0
11/1/2012,Handball,18,16,0
12/1/2012,Handball,19,18,0
1/1/2013,Handball,43,42,1
2/1/2013,Handball,16,17,0
3/1/2013,Handball,17,16,0
4/1/2013,Handball,17,19,0
5/1/2013,Handball,14,19,0
6/1/2013,Handball,12,17,0
7/1/2013,Handball,9,12,0
8/1/2013,Handball,11,12,0
9/1/2013,Handball,16,13,0
10/1/2013,Handball,16,16,0
11/1/2013,Handball,16,16,0
12/1/2013,Handball,23,28,0
1/1/2014,Handball,32,37,0
2/1/2014,Handball,14,17,0
3/1/2014,Handball,14,16,0
4/1/2014,Handball,14,16,0
5/1/2014,Handball,15,15,0
6/1/2014,Handball,11,18,0
7/1/2014,Handball,9,15,0
8/1/2014,Handball,10,12,0
9/1/2014,Handball,15,14,0
10/1/2014,Handball,14,16,0
11/1/2014,Handball,17,16,0
12/1/2014,Handball,19,17,0
1/1/2015,Handball,52,39,1
2/1/2015,Handball,23,27,0
3/1/2015,Handball,15,15,0
4/1/2015,Handball,14,15,0
5/1/2015,Handball,14,14,0
6/1/2015,Handball,10,14,0
7/1/2015,Handball,8,12,0
8/1/2015,Handball,10,12,0
9/1/2015,Handball,15,14,0
10/1/2015,Handball,15,14,0
11/1/2015,Handball,16,16,0
12/1/2015,Handball,26,23,0
1/1/2016,Handball,59,37,0
2/1/2016,Handball,15,21,0
3/1/2016,Handball,14,15,0
4/1/2016,Handball,16,16,0
5/1/2016,Handball,15,15,0
6/1/2016,Handball,10,17,0
7/1/2016,Handball,8,13,0
8/1/2016,Handball,33,31,0
9/1/2016,Handball,14,14,0
10/1/2016,Handball,14,15,0
11/1/2016,Handball,15,15,0
12/1/2016,Handball,20,15,0
1/1/2017,Handball,64,0,1
2/1/2017,Handball,12,0,0
3/1/2017,Handball,14,0,0
4/1/2017,Handball,14,0,0
5/1/2017,Handball,13,0,0
6/1/2017,Handball,11,0,0
7/1/2017,Handball,8,0,0
8/1/2017,Handball,9,11,0
9/1/2017,Handball,14,12,0
10/1/2017,Handball,15,14,0
11/1/2017,Handball,16,14,0
12/1/2017,Handball,28,16,0
1/1/2018,Handball,45,22,0
2/1/2018,Handball,13,11,0
3/1/2018,Handball,15,12,0
4/1/2018,Handball,13,11,0
5/1/2018,Handball,14,13,0
6/1/2018,Handball,10,13,0
7/1/2018,Handball,8,11,0
8/1/2018,Handball,9,11,0
9/1/2018,Handball,14,12,0
10/1/2018,Handball,15,12,0
11/1/2018,Handball,17,11,0
12/1/2018,Handball,27,12,0
1/1/2019,Handball,100,22,1
2/1/2019,Handball,14,10,0
3/1/2019,Handball,15,11,0
4/1/2019,Handball,14,12,0
5/1/2019,Handball,13,10,0
6/1/2019,Handball,11,10,0
7/1/2019,Handball,9,10,0
8/1/2019,Handball,12,12,0
9/1/2019,Handball,15,10,0
10/1/2019,Handball,15,11,0
11/1/2019,Handball,17,13,0
12/1/2019,Handball,26,13,0
1/1/2020,Handball,58,22,0
2/1/2020,Handball,14,10,0
3/1/2020,Handball,10,7,0
4/1/2020,Handball,6,5,0
5/1/2020,Handball,6,5,0
6/1/2020,Handball,6,5,0
7/1/2020,Handball,5,5,0
8/1/2020,Handball,6,5,0
9/1/2020,Handball,10,7,0
10/1/2020,Handball,11,7,0
11/1/2020,Handball,10,7,0
12/1/2020,Handball,22,8,0
1/1/2021,Handball,55,24,1
2/1/2021,Handball,10,7,0
3/1/2021,Handball,13,8,0
4/1/2021,Handball,10,7,0
5/1/2021,Handball,11,7,0
6/1/2021,Handball,10,7,0
7/1/2021,Handball,17,11,0
8/1/2021,Handball,18,10,0
9/1/2021,Handball,12,7,0
10/1/2021,Handball,14,9,0
11/1/2021,Handball,13,9,0
12/1/2021,Handball,23,9,0
1/1/2022,Handball,44,12,0
2/1/2022,Handball,12,8,0
3/1/2022,Handball,12,9,0
4/1/2022,Handball,13,10,0
5/1/2022,Handball,13,10,0
6/1/2022,Handball,10,9,0
7/1/2022,Handball,8,9,0
8/1/2022,Handball,8,9,0
9/1/2022,Handball,13,10,0
10/1/2022,Handball,14,11,0
11/1/2022,Handball,20,12,0
12/1/2022,Handball,12,11,0
1/1/2023,Handball,73,17,1
2/1/2023,Handball,13,9,0
3/1/2023,Handball,14,9,0
4/1/2023,Handball,14,10,0
5/1/2023,Handball,13,10,0
6/1/2023,Handball,12,11,0
7/1/2023,Handball,8,8,0
8/1/2023,Handball,10,10,0
9/1/2023,Handball,14,11,0
10/1/2023,Handball,15,11,0
11/1/2023,Handball,17,12,0
12/1/2023,Handball,28,12,0
1/1/2024,Handball,76,19,0
2/1/2024,Handball,14,10,0
3/1/2024,Handball,15,11,0
4/1/2024,Handball,14,13,0
5/1/2024,Handball,13,11,0
6/1/2024,Handball,10,10,0
7/1/2024,Handball,21,15,0
8/1/2024,Handball,42,16,0
9/1/2024,Handball,13,10,0
10/1/2024,Handball,13,11,0
11/1/2024,Handball,15,11,0
12/1/2024,Handball,19,10,0
1/1/2025,Handball,58,19,0
2/1/2025,Handball,18,11,0
3/1/2025,Handball,13,10,0
4/1/2025,Handball,12,11,0
1/1/2004,Table Tennis,22,0,0
2/1/2004,Table Tennis,22,0,0
3/1/2004,Table Tennis,25,0,0
4/1/2004,Table Tennis,24,0,0
5/1/2004,Table Tennis,23,0,0
6/1/2004,Table Tennis,24,0,0
7/1/2004,Table Tennis,22,0,0
8/1/2004,Table Tennis,47,0,1
9/1/2004,Table Tennis,28,0,0
10/1/2004,Table Tennis,24,0,0
11/1/2004,Table Tennis,26,0,0
12/1/2004,Table Tennis,24,0,0
1/1/2005,Table Tennis,22,0,0
2/1/2005,Table Tennis,20,0,0
3/1/2005,Table Tennis,22,0,0
4/1/2005,Table Tennis,24,0,0
5/1/2005,Table Tennis,29,0,0
6/1/2005,Table Tennis,22,0,0
7/1/2005,Table Tennis,21,0,0
8/1/2005,Table Tennis,19,0,0
9/1/2005,Table Tennis,22,0,0
10/1/2005,Table Tennis,22,0,0
11/1/2005,Table Tennis,24,0,0
12/1/2005,Table Tennis,23,0,0
1/1/2006,Table Tennis,21,0,0
2/1/2006,Table Tennis,20,0,0
3/1/2006,Table Tennis,22,0,0
4/1/2006,Table Tennis,23,0,0
5/1/2006,Table Tennis,23,0,0
6/1/2006,Table Tennis,20,0,1
7/1/2006,Table Tennis,18,0,0
8/1/2006,Table Tennis,17,0,0
9/1/2006,Table Tennis,19,0,0
10/1/2006,Table Tennis,20,0,0
11/1/2006,Table Tennis,20,0,0
12/1/2006,Table Tennis,20,0,0
1/1/2007,Table Tennis,20,0,0
2/1/2007,Table Tennis,18,0,0
3/1/2007,Table Tennis,20,0,0
4/1/2007,Table Tennis,17,0,0
5/1/2007,Table Tennis,24,0,0
6/1/2007,Table Tennis,20,0,0
7/1/2007,Table Tennis,18,0,0
8/1/2007,Table Tennis,16,0,0
9/1/2007,Table Tennis,18,0,0
10/1/2007,Table Tennis,18,0,0
11/1/2007,Table Tennis,21,0,0
12/1/2007,Table Tennis,20,0,0
1/1/2008,Table Tennis,20,19,0
2/1/2008,Table Tennis,22,16,0
3/1/2008,Table Tennis,22,17,0
4/1/2008,Table Tennis,18,15,0
5/1/2008,Table Tennis,21,15,0
6/1/2008,Table Tennis,20,15,0
7/1/2008,Table Tennis,19,20,0
8/1/2008,Table Tennis,69,100,1
9/1/2008,Table Tennis,24,34,0
10/1/2008,Table Tennis,19,24,0
11/1/2008,Table Tennis,21,20,0
12/1/2008,Table Tennis,19,20,0
1/1/2009,Table Tennis,20,18,0
2/1/2009,Table Tennis,19,17,0
3/1/2009,Table Tennis,18,21,0
4/1/2009,Table Tennis,19,18,0
5/1/2009,Table Tennis,24,16,0
6/1/2009,Table Tennis,19,16,0
7/1/2009,Table Tennis,17,16,0
8/1/2009,Table Tennis,17,17,0
9/1/2009,Table Tennis,20,18,0
10/1/2009,Table Tennis,19,16,0
11/1/2009,Table Tennis,19,16,0
12/1/2009,Table Tennis,19,15,0
1/1/2010,Table Tennis,19,16,0
2/1/2010,Table Tennis,18,16,0
3/1/2010,Table Tennis,18,13,0
4/1/2010,Table Tennis,16,13,0
5/1/2010,Table Tennis,25,14,0
6/1/2010,Table Tennis,18,13,0
7/1/2010,Table Tennis,15,11,0
8/1/2010,Table Tennis,15,15,0
9/1/2010,Table Tennis,18,16,0
10/1/2010,Table Tennis,17,18,0
11/1/2010,Table Tennis,20,18,0
12/1/2010,Table Tennis,16,15,0
1/1/2011,Table Tennis,18,15,0
2/1/2011,Table Tennis,15,13,0
3/1/2011,Table Tennis,16,12,0
4/1/2011,Table Tennis,16,12,0
5/1/2011,Table Tennis,21,14,0
6/1/2011,Table Tennis,17,13,0
7/1/2011,Table Tennis,15,13,0
8/1/2011,Table Tennis,14,13,0
9/1/2011,Table Tennis,17,13,0
10/1/2011,Table Tennis,17,14,0
11/1/2011,Table Tennis,18,15,0
12/1/2011,Table Tennis,17,13,0
1/1/2012,Table Tennis,18,12,0
2/1/2012,Table Tennis,16,15,0
3/1/2012,Table Tennis,21,13,0
4/1/2012,Table Tennis,17,13,0
5/1/2012,Table Tennis,17,12,0
6/1/2012,Table Tennis,16,12,0
7/1/2012,Table Tennis,30,32,0
8/1/2012,Table Tennis,57,61,1
9/1/2012,Table Tennis,19,26,0
10/1/2012,Table Tennis,17,16,0
11/1/2012,Table Tennis,17,13,0
12/1/2012,Table Tennis,15,13,0
1/1/2013,Table Tennis,17,13,0
2/1/2013,Table Tennis,15,14,0
3/1/2013,Table Tennis,17,13,0
4/1/2013,Table Tennis,15,12,0
5/1/2013,Table Tennis,20,13,0
6/1/2013,Table Tennis,16,12,0
7/1/2013,Table Tennis,14,14,0
8/1/2013,Table Tennis,15,13,0
9/1/2013,Table Tennis,16,13,0
10/1/2013,Table Tennis,16,13,0
11/1/2013,Table Tennis,15,13,0
12/1/2013,Table Tennis,16,13,0
1/1/2014,Table Tennis,17,15,0
2/1/2014,Table Tennis,15,15,0
3/1/2014,Table Tennis,17,16,0
4/1/2014,Table Tennis,18,14,0
5/1/2014,Table Tennis,26,14,0
6/1/2014,Table Tennis,16,14,0
7/1/2014,Table Tennis,14,16,0
8/1/2014,Table Tennis,16,20,0
9/1/2014,Table Tennis,20,18,0
10/1/2014,Table Tennis,17,21,0
11/1/2014,Table Tennis,16,15,0
12/1/2014,Table Tennis,16,14,0
1/1/2015,Table Tennis,16,13,0
2/1/2015,Table Tennis,15,14,0
3/1/2015,Table Tennis,16,13,0
4/1/2015,Table Tennis,17,12,0
5/1/2015,Table Tennis,19,11,0
6/1/2015,Table Tennis,17,14,0
7/1/2015,Table Tennis,15,12,0
8/1/2015,Table Tennis,16,13,0
9/1/2015,Table Tennis,18,15,0
10/1/2015,Table Tennis,16,14,0
11/1/2015,Table Tennis,17,13,0
12/1/2015,Table Tennis,17,12,0
1/1/2016,Table Tennis,17,12,0
2/1/2016,Table Tennis,18,13,0
3/1/2016,Table Tennis,28,12,0
4/1/2016,Table Tennis,17,12,0
5/1/2016,Table Tennis,17,11,0
6/1/2016,Table Tennis,17,10,0
7/1/2016,Table Tennis,15,12,0
8/1/2016,Table Tennis,98,41,1
9/1/2016,Table Tennis,23,22,0
10/1/2016,Table Tennis,19,14,0
11/1/2016,Table Tennis,18,13,0
12/1/2016,Table Tennis,18,11,0
1/1/2017,Table Tennis,21,12,0
2/1/2017,Table Tennis,18,13,0
3/1/2017,Table Tennis,18,13,0
4/1/2017,Table Tennis,20,12,0
5/1/2017,Table Tennis,20,11,0
6/1/2017,Table Tennis,35,10,0
7/1/2017,Table Tennis,18,12,0
8/1/2017,Table Tennis,19,8,0
9/1/2017,Table Tennis,20,8,0
10/1/2017,Table Tennis,20,7,0
11/1/2017,Table Tennis,20,7,0
12/1/2017,Table Tennis,18,7,0
1/1/2018,Table Tennis,23,6,0
2/1/2018,Table Tennis,20,7,0
3/1/2018,Table Tennis,19,6,0
4/1/2018,Table Tennis,21,8,0
5/1/2018,Table Tennis,31,6,0
6/1/2018,Table Tennis,17,6,0
7/1/2018,Table Tennis,16,6,0
8/1/2018,Table Tennis,19,8,0
9/1/2018,Table Tennis,19,9,0
10/1/2018,Table Tennis,20,7,0
11/1/2018,Table Tennis,19,6,0
12/1/2018,Table Tennis,18,5,0
1/1/2019,Table Tennis,20,5,0
2/1/2019,Table Tennis,17,5,0
3/1/2019,Table Tennis,22,5,0
4/1/2019,Table Tennis,25,5,0
5/1/2019,Table Tennis,19,5,0
6/1/2019,Table Tennis,21,5,0
7/1/2019,Table Tennis,19,6,0
8/1/2019,Table Tennis,21,6,0
9/1/2019,Table Tennis,21,8,0
10/1/2019,Table Tennis,18,7,0
11/1/2019,Table Tennis,26,7,0
12/1/2019,Table Tennis,26,9,0
1/1/2020,Table Tennis,23,6,0
2/1/2020,Table Tennis,20,6,0
3/1/2020,Table Tennis,21,5,0
4/1/2020,Table Tennis,20,4,0
5/1/2020,Table Tennis,17,3,0
6/1/2020,Table Tennis,18,3,0
7/1/2020,Table Tennis,15,3,0
8/1/2020,Table Tennis,19,3,1
9/1/2020,Table Tennis,27,4,0
10/1/2020,Table Tennis,21,3,0
11/1/2020,Table Tennis,19,3,0
12/1/2020,Table Tennis,23,3,0
1/1/2021,Table Tennis,21,3,0
2/1/2021,Table Tennis,18,4,0
3/1/2021,Table Tennis,21,4,0
4/1/2021,Table Tennis,17,3,0
5/1/2021,Table Tennis,16,3,0
6/1/2021,Table Tennis,19,3,0
7/1/2021,Table Tennis,88,12,1
8/1/2021,Table Tennis,88,11,0
9/1/2021,Table Tennis,26,5,0
10/1/2021,Table Tennis,22,4,0
11/1/2021,Table Tennis,25,5,0
12/1/2021,Table Tennis,21,5,0
1/1/2022,Table Tennis,20,4,0
2/1/2022,Table Tennis,18,4,0
3/1/2022,Table Tennis,24,5,0
4/1/2022,Table Tennis,19,4,0
5/1/2022,Table Tennis,19,4,0
6/1/2022,Table Tennis,19,4,0
7/1/2022,Table Tennis,18,5,0
8/1/2022,Table Tennis,24,9,0
9/1/2022,Table Tennis,22,6,0
10/1/2022,Table Tennis,28,5,0
11/1/2022,Table Tennis,22,5,0
12/1/2022,Table Tennis,19,4,0
1/1/2023,Table Tennis,20,4,0
2/1/2023,Table Tennis,18,5,0
3/1/2023,Table Tennis,20,5,0
4/1/2023,Table Tennis,19,5,0
5/1/2023,Table Tennis,26,5,0
6/1/2023,Table Tennis,19,4,0
7/1/2023,Table Tennis,17,5,0
8/1/2023,Table Tennis,17,5,0
9/1/2023,Table Tennis,27,7,0
10/1/2023,Table Tennis,25,7,0
11/1/2023,Table Tennis,20,5,0
12/1/2023,Table Tennis,20,5,0
1/1/2024,Table Tennis,20,4,0
2/1/2024,Table Tennis,30,7,0
3/1/2024,Table Tennis,18,6,0
4/1/2024,Table Tennis,16,5,0
5/1/2024,Table Tennis,17,5,0
6/1/2024,Table Tennis,17,5,0
7/1/2024,Table Tennis,42,10,0
8/1/2024,Table Tennis,100,15,1
9/1/2024,Table Tennis,21,7,0
10/1/2024,Table Tennis,22,9,0
11/1/2024,Table Tennis,19,7,0
12/1/2024,Table Tennis,17,5,0
1/1/2025,Table Tennis,16,5,0
2/1/2025,Table Tennis,17,5,0
3/1/2025,Table Tennis,17,6,0
4/1/2025,Table Tennis,19,6,0
1/1/2004,Volleyball,21,0,0
2/1/2004,Volleyball,18,0,0
3/1/2004,Volleyball,21,0,0
4/1/2004,Volleyball,21,0,0
5/1/2004,Volleyball,30,0,0
6/1/2004,Volleyball,23,0,0
7/1/2004,Volleyball,21,0,0
8/1/2004,Volleyball,43,0,1
9/1/2004,Volleyball,29,0,0
10/1/2004,Volleyball,24,0,0
11/1/2004,Volleyball,25,0,0
12/1/2004,Volleyball,18,0,0
1/1/2005,Volleyball,18,0,0
2/1/2005,Volleyball,19,0,0
3/1/2005,Volleyball,20,0,0
4/1/2005,Volleyball,21,0,0
5/1/2005,Volleyball,22,0,0
6/1/2005,Volleyball,24,0,0
7/1/2005,Volleyball,24,0,0
8/1/2005,Volleyball,20,0,0
9/1/2005,Volleyball,26,0,0
10/1/2005,Volleyball,23,0,0
11/1/2005,Volleyball,26,0,0
12/1/2005,Volleyball,19,0,0
1/1/2006,Volleyball,17,0,0
2/1/2006,Volleyball,17,0,0
3/1/2006,Volleyball,19,0,0
4/1/2006,Volleyball,18,0,0
5/1/2006,Volleyball,21,0,0
6/1/2006,Volleyball,18,0,0
7/1/2006,Volleyball,17,0,0
8/1/2006,Volleyball,23,0,0
9/1/2006,Volleyball,23,0,0
10/1/2006,Volleyball,23,0,0
11/1/2006,Volleyball,36,0,1
12/1/2006,Volleyball,21,0,0
1/1/2007,Volleyball,18,0,0
2/1/2007,Volleyball,18,0,0
3/1/2007,Volleyball,19,0,0
4/1/2007,Volleyball,18,0,0
5/1/2007,Volleyball,20,0,0
6/1/2007,Volleyball,20,0,0
7/1/2007,Volleyball,20,0,0
8/1/2007,Volleyball,21,0,0
9/1/2007,Volleyball,25,0,0
10/1/2007,Volleyball,21,0,0
11/1/2007,Volleyball,27,0,0
12/1/2007,Volleyball,18,0,0
1/1/2008,Volleyball,19,34,0
2/1/2008,Volleyball,16,32,0
3/1/2008,Volleyball,17,30,0
4/1/2008,Volleyball,18,30,0
5/1/2008,Volleyball,20,33,0
6/1/2008,Volleyball,21,43,0
7/1/2008,Volleyball,17,35,0
8/1/2008,Volleyball,37,75,1
9/1/2008,Volleyball,20,29,0
10/1/2008,Volleyball,19,27,0
11/1/2008,Volleyball,20,24,0
12/1/2008,Volleyball,17,24,0
1/1/2009,Volleyball,16,23,0
2/1/2009,Volleyball,16,25,0
3/1/2009,Volleyball,18,28,0
4/1/2009,Volleyball,16,25,0
5/1/2009,Volleyball,17,27,0
6/1/2009,Volleyball,18,26,0
7/1/2009,Volleyball,17,31,0
8/1/2009,Volleyball,19,36,0
9/1/2009,Volleyball,24,36,0
10/1/2009,Volleyball,21,34,0
11/1/2009,Volleyball,23,35,0
12/1/2009,Volleyball,17,27,0
1/1/2010,Volleyball,15,24,0
2/1/2010,Volleyball,15,27,0
3/1/2010,Volleyball,16,27,0
4/1/2010,Volleyball,17,27,0
5/1/2010,Volleyball,16,27,0
6/1/2010,Volleyball,18,25,0
7/1/2010,Volleyball,14,23,0
8/1/2010,Volleyball,17,29,0
9/1/2010,Volleyball,20,32,0
10/1/2010,Volleyball,23,35,1
11/1/2010,Volleyball,26,43,0
12/1/2010,Volleyball,16,25,0
1/1/2011,Volleyball,15,25,0
2/1/2011,Volleyball,15,26,0
3/1/2011,Volleyball,15,25,0
4/1/2011,Volleyball,16,26,0
5/1/2011,Volleyball,16,25,0
6/1/2011,Volleyball,17,29,0
7/1/2011,Volleyball,16,30,0
8/1/2011,Volleyball,17,34,0
9/1/2011,Volleyball,22,36,0
10/1/2011,Volleyball,22,36,0
11/1/2011,Volleyball,31,44,0
12/1/2011,Volleyball,18,31,0
1/1/2012,Volleyball,15,26,0
2/1/2012,Volleyball,15,27,0
3/1/2012,Volleyball,16,29,0
4/1/2012,Volleyball,17,30,0
5/1/2012,Volleyball,21,32,0
6/1/2012,Volleyball,23,35,0
7/1/2012,Volleyball,26,43,0
8/1/2012,Volleyball,49,72,1
9/1/2012,Volleyball,20,35,0
10/1/2012,Volleyball,19,29,0
11/1/2012,Volleyball,19,29,0
12/1/2012,Volleyball,14,27,0
1/1/2013,Volleyball,15,27,0
2/1/2013,Volleyball,15,29,0
3/1/2013,Volleyball,16,32,0
4/1/2013,Volleyball,15,30,0
5/1/2013,Volleyball,16,29,0
6/1/2013,Volleyball,17,32,0
7/1/2013,Volleyball,18,32,0
8/1/2013,Volleyball,18,37,0
9/1/2013,Volleyball,32,59,0
10/1/2013,Volleyball,19,38,0
11/1/2013,Volleyball,24,40,0
12/1/2013,Volleyball,16,32,0
1/1/2014,Volleyball,15,30,0
2/1/2014,Volleyball,14,29,0
3/1/2014,Volleyball,15,37,0
4/1/2014,Volleyball,16,33,0
5/1/2014,Volleyball,16,31,0
6/1/2014,Volleyball,17,30,0
7/1/2014,Volleyball,17,30,0
8/1/2014,Volleyball,26,46,0
9/1/2014,Volleyball,47,60,1
10/1/2014,Volleyball,27,46,0
11/1/2014,Volleyball,20,37,0
12/1/2014,Volleyball,15,30,0
1/1/2015,Volleyball,15,32,0
2/1/2015,Volleyball,15,31,0
3/1/2015,Volleyball,15,34,0
4/1/2015,Volleyball,16,33,0
5/1/2015,Volleyball,20,42,0
6/1/2015,Volleyball,22,50,0
7/1/2015,Volleyball,25,46,0
8/1/2015,Volleyball,22,41,0
9/1/2015,Volleyball,34,48,0
10/1/2015,Volleyball,23,40,0
11/1/2015,Volleyball,20,35,0
12/1/2015,Volleyball,16,30,0
1/1/2016,Volleyball,19,35,0
2/1/2016,Volleyball,16,37,0
3/1/2016,Volleyball,17,44,0
4/1/2016,Volleyball,17,48,0
5/1/2016,Volleyball,32,58,0
6/1/2016,Volleyball,27,51,0
7/1/2016,Volleyball,20,46,0
8/1/2016,Volleyball,79,97,1
9/1/2016,Volleyball,22,46,0
10/1/2016,Volleyball,19,39,0
11/1/2016,Volleyball,21,38,0
12/1/2016,Volleyball,17,34,0
1/1/2017,Volleyball,16,0,0
2/1/2017,Volleyball,17,0,0
3/1/2017,Volleyball,19,0,0
4/1/2017,Volleyball,19,0,0
5/1/2017,Volleyball,20,0,0
6/1/2017,Volleyball,21,0,0
7/1/2017,Volleyball,23,0,0
8/1/2017,Volleyball,28,59,0
9/1/2017,Volleyball,30,46,0
10/1/2017,Volleyball,23,40,0
11/1/2017,Volleyball,21,36,0
12/1/2017,Volleyball,19,37,0
1/1/2018,Volleyball,17,34,0
2/1/2018,Volleyball,18,41,0
3/1/2018,Volleyball,19,41,0
4/1/2018,Volleyball,19,42,0
5/1/2018,Volleyball,22,48,0
6/1/2018,Volleyball,25,45,0
7/1/2018,Volleyball,16,35,0
8/1/2018,Volleyball,23,65,0
9/1/2018,Volleyball,50,62,1
10/1/2018,Volleyball,40,60,0
11/1/2018,Volleyball,22,38,0
12/1/2018,Volleyball,19,35,0
1/1/2019,Volleyball,16,34,0
2/1/2019,Volleyball,17,41,0
3/1/2019,Volleyball,18,42,0
4/1/2019,Volleyball,18,40,0
5/1/2019,Volleyball,21,50,0
6/1/2019,Volleyball,34,42,0
7/1/2019,Volleyball,23,39,0
8/1/2019,Volleyball,30,48,0
9/1/2019,Volleyball,51,55,0
10/1/2019,Volleyball,39,53,0
11/1/2019,Volleyball,24,42,0
12/1/2019,Volleyball,23,68,0
1/1/2020,Volleyball,23,47,0
2/1/2020,Volleyball,19,41,0
3/1/2020,Volleyball,14,39,0
4/1/2020,Volleyball,12,28,0
5/1/2020,Volleyball,11,26,0
6/1/2020,Volleyball,12,27,0
7/1/2020,Volleyball,12,28,0
8/1/2020,Volleyball,15,30,0
9/1/2020,Volleyball,18,32,0
10/1/2020,Volleyball,16,32,0
11/1/2020,Volleyball,15,33,0
12/1/2020,Volleyball,15,30,0
1/1/2021,Volleyball,13,32,0
2/1/2021,Volleyball,16,35,0
3/1/2021,Volleyball,18,35,0
4/1/2021,Volleyball,18,33,0
5/1/2021,Volleyball,20,35,0
6/1/2021,Volleyball,38,44,0
7/1/2021,Volleyball,48,61,0
8/1/2021,Volleyball,72,89,1
9/1/2021,Volleyball,42,48,0
10/1/2021,Volleyball,24,45,0
11/1/2021,Volleyball,21,37,0
12/1/2021,Volleyball,20,32,0
1/1/2022,Volleyball,15,30,0
2/1/2022,Volleyball,18,34,0
3/1/2022,Volleyball,21,40,0
4/1/2022,Volleyball,21,41,0
5/1/2022,Volleyball,23,66,0
6/1/2022,Volleyball,40,69,0
7/1/2022,Volleyball,37,56,0
8/1/2022,Volleyball,29,52,1
9/1/2022,Volleyball,54,64,0
10/1/2022,Volleyball,55,70,0
11/1/2022,Volleyball,28,49,0
12/1/2022,Volleyball,24,39,0
1/1/2023,Volleyball,19,40,0
2/1/2023,Volleyball,21,47,0
3/1/2023,Volleyball,23,48,0
4/1/2023,Volleyball,23,43,0
5/1/2023,Volleyball,29,75,0
6/1/2023,Volleyball,45,64,0
7/1/2023,Volleyball,39,66,0
8/1/2023,Volleyball,38,69,0
9/1/2023,Volleyball,73,96,0
10/1/2023,Volleyball,46,73,0
11/1/2023,Volleyball,29,56,0
12/1/2023,Volleyball,27,47,0
1/1/2024,Volleyball,21,41,0
2/1/2024,Volleyball,21,49,0
3/1/2024,Volleyball,25,53,0
4/1/2024,Volleyball,25,50,0
5/1/2024,Volleyball,35,68,0
6/1/2024,Volleyball,50,70,0
7/1/2024,Volleyball,44,59,0
8/1/2024,Volleyball,100,100,1
9/1/2024,Volleyball,29,50,0
10/1/2024,Volleyball,28,51,0
11/1/2024,Volleyball,27,49,0
12/1/2024,Volleyball,29,46,0
1/1/2025,Volleyball,21,51,0
2/1/2025,Volleyball,23,51,0
3/1/2025,Volleyball,25,55,0
4/1/2025,Volleyball,26,58,0
1/1/2004,Baseball,32,0,0
2/1/2004,Baseball,41,0,0
3/1/2004,Baseball,56,0,0
4/1/2004,Baseball,72,0,0
5/1/2004,Baseball,66,0,0
6/1/2004,Baseball,65,0,0
7/1/2004,Baseball,56,0,0
8/1/2004,Baseball,53,0,0
9/1/2004,Baseball,38,0,0
10/1/2004,Baseball,51,0,0
11/1/2004,Baseball,25,0,0
12/1/2004,Baseball,26,0,0
1/1/2005,Baseball,30,0,0
2/1/2005,Baseball,40,0,0
3/1/2005,Baseball,51,0,0
4/1/2005,Baseball,68,0,0
5/1/2005,Baseball,67,0,0
6/1/2005,Baseball,69,0,0
7/1/2005,Baseball,55,0,0
8/1/2005,Baseball,44,0,0
9/1/2005,Baseball,35,0,0
10/1/2005,Baseball,38,0,1
11/1/2005,Baseball,24,0,0
12/1/2005,Baseball,26,0,0
1/1/2006,Baseball,30,0,0
2/1/2006,Baseball,40,0,0
3/1/2006,Baseball,71,0,1
4/1/2006,Baseball,63,0,0
5/1/2006,Baseball,62,0,0
6/1/2006,Baseball,62,0,0
7/1/2006,Baseball,53,0,0
8/1/2006,Baseball,42,0,0
9/1/2006,Baseball,31,0,0
10/1/2006,Baseball,34,0,0
11/1/2006,Baseball,21,0,0
12/1/2006,Baseball,21,0,0
1/1/2007,Baseball,23,0,0
2/1/2007,Baseball,33,0,0
3/1/2007,Baseball,45,0,0
4/1/2007,Baseball,61,0,0
5/1/2007,Baseball,55,0,0
6/1/2007,Baseball,60,0,0
7/1/2007,Baseball,49,0,0
8/1/2007,Baseball,41,0,0
9/1/2007,Baseball,32,0,0
10/1/2007,Baseball,34,0,0
11/1/2007,Baseball,21,0,0
12/1/2007,Baseball,21,0,0
1/1/2008,Baseball,22,39,0
2/1/2008,Baseball,29,39,0
3/1/2008,Baseball,44,57,0
4/1/2008,Baseball,55,76,0
5/1/2008,Baseball,56,84,0
6/1/2008,Baseball,52,100,0
7/1/2008,Baseball,45,90,0
8/1/2008,Baseball,40,71,0
9/1/2008,Baseball,26,43,0
10/1/2008,Baseball,25,44,0
11/1/2008,Baseball,17,32,0
12/1/2008,Baseball,18,29,0
1/1/2009,Baseball,22,34,0
2/1/2009,Baseball,28,39,0
3/1/2009,Baseball,51,60,1
4/1/2009,Baseball,48,57,0
5/1/2009,Baseball,52,60,0
6/1/2009,Baseball,48,63,0
7/1/2009,Baseball,42,59,0
8/1/2009,Baseball,37,57,0
9/1/2009,Baseball,27,43,0
10/1/2009,Baseball,29,40,1
11/1/2009,Baseball,22,36,0
12/1/2009,Baseball,17,26,0
1/1/2010,Baseball,20,32,0
2/1/2010,Baseball,23,32,0
3/1/2010,Baseball,35,41,0
4/1/2010,Baseball,49,67,0
5/1/2010,Baseball,50,58,0
6/1/2010,Baseball,52,51,0
7/1/2010,Baseball,38,48,0
8/1/2010,Baseball,35,56,0
9/1/2010,Baseball,27,47,0
10/1/2010,Baseball,30,42,0
11/1/2010,Baseball,19,34,0
12/1/2010,Baseball,17,26,0
1/1/2011,Baseball,20,27,0
2/1/2011,Baseball,25,28,0
3/1/2011,Baseball,37,34,0
4/1/2011,Baseball,50,46,0
5/1/2011,Baseball,50,49,0
6/1/2011,Baseball,51,49,0
7/1/2011,Baseball,38,54,0
8/1/2011,Baseball,34,39,0
9/1/2011,Baseball,29,32,0
10/1/2011,Baseball,31,36,0
11/1/2011,Baseball,19,24,0
12/1/2011,Baseball,18,21,0
1/1/2012,Baseball,20,22,0
2/1/2012,Baseball,25,27,0
3/1/2012,Baseball,37,31,0
4/1/2012,Baseball,51,45,0
5/1/2012,Baseball,54,60,0
6/1/2012,Baseball,54,50,0
7/1/2012,Baseball,40,43,0
8/1/2012,Baseball,33,36,0
9/1/2012,Baseball,27,28,0
10/1/2012,Baseball,32,28,0
11/1/2012,Baseball,18,24,0
12/1/2012,Baseball,17,22,0
1/1/2013,Baseball,21,26,0
2/1/2013,Baseball,27,30,0
3/1/2013,Baseball,49,46,1
4/1/2013,Baseball,55,41,0
5/1/2013,Baseball,52,42,0
6/1/2013,Baseball,56,38,0
7/1/2013,Baseball,41,39,0
8/1/2013,Baseball,39,36,0
9/1/2013,Baseball,30,28,0
10/1/2013,Baseball,32,29,0
11/1/2013,Baseball,18,24,0
12/1/2013,Baseball,17,21,0
1/1/2014,Baseball,20,23,0
2/1/2014,Baseball,25,27,0
3/1/2014,Baseball,37,29,0
4/1/2014,Baseball,54,38,0
5/1/2014,Baseball,57,41,0
6/1/2014,Baseball,50,36,0
7/1/2014,Baseball,42,30,0
8/1/2014,Baseball,39,30,0
9/1/2014,Baseball,28,28,0
10/1/2014,Baseball,30,27,0
11/1/2014,Baseball,18,24,0
12/1/2014,Baseball,16,20,0
1/1/2015,Baseball,18,21,0
2/1/2015,Baseball,24,24,0
3/1/2015,Baseball,35,29,0
4/1/2015,Baseball,49,35,0
5/1/2015,Baseball,51,35,0
6/1/2015,Baseball,49,34,0
7/1/2015,Baseball,37,29,0
8/1/2015,Baseball,37,29,0
9/1/2015,Baseball,29,26,0
10/1/2015,Baseball,34,28,0
11/1/2015,Baseball,23,29,0
12/1/2015,Baseball,15,19,0
1/1/2016,Baseball,18,19,0
2/1/2016,Baseball,25,23,0
3/1/2016,Baseball,35,28,0
4/1/2016,Baseball,50,34,0
5/1/2016,Baseball,56,41,0
6/1/2016,Baseball,48,31,0
7/1/2016,Baseball,36,27,0
8/1/2016,Baseball,30,25,0
9/1/2016,Baseball,29,26,0
10/1/2016,Baseball,33,25,0
11/1/2016,Baseball,26,23,0
12/1/2016,Baseball,20,18,0
1/1/2017,Baseball,23,0,0
2/1/2017,Baseball,33,0,0
3/1/2017,Baseball,64,0,1
4/1/2017,Baseball,72,0,0
5/1/2017,Baseball,72,0,0
6/1/2017,Baseball,71,0,0
7/1/2017,Baseball,76,0,0
8/1/2017,Baseball,72,47,0
9/1/2017,Baseball,52,34,0
10/1/2017,Baseball,54,41,0
11/1/2017,Baseball,30,32,0
12/1/2017,Baseball,20,21,0
1/1/2018,Baseball,24,25,0
2/1/2018,Baseball,31,25,0
3/1/2018,Baseball,50,31,0
4/1/2018,Baseball,69,44,0
5/1/2018,Baseball,72,45,0
6/1/2018,Baseball,75,40,0
7/1/2018,Baseball,69,41,0
8/1/2018,Baseball,77,47,0
9/1/2018,Baseball,46,33,0
10/1/2018,Baseball,47,36,1
11/1/2018,Baseball,26,27,0
12/1/2018,Baseball,21,22,0
1/1/2019,Baseball,22,24,0
2/1/2019,Baseball,31,27,0
3/1/2019,Baseball,57,36,0
4/1/2019,Baseball,69,48,0
5/1/2019,Baseball,78,46,0
6/1/2019,Baseball,80,48,0
7/1/2019,Baseball,79,50,0
8/1/2019,Baseball,75,47,0
9/1/2019,Baseball,52,40,0
10/1/2019,Baseball,49,38,0
11/1/2019,Baseball,28,35,0
12/1/2019,Baseball,20,22,0
1/1/2020,Baseball,23,22,0
2/1/2020,Baseball,34,29,0
3/1/2020,Baseball,26,27,0
4/1/2020,Baseball,17,21,0
5/1/2020,Baseball,20,25,0
6/1/2020,Baseball,28,33,0
7/1/2020,Baseball,43,43,0
8/1/2020,Baseball,41,41,0
9/1/2020,Baseball,43,38,0
10/1/2020,Baseball,42,36,0
11/1/2020,Baseball,24,29,0
12/1/2020,Baseball,18,20,0
1/1/2021,Baseball,18,19,0
2/1/2021,Baseball,24,23,0
3/1/2021,Baseball,42,35,0
4/1/2021,Baseball,58,47,0
5/1/2021,Baseball,66,49,0
6/1/2021,Baseball,67,49,0
7/1/2021,Baseball,57,44,0
8/1/2021,Baseball,60,44,0
9/1/2021,Baseball,48,37,0
10/1/2021,Baseball,54,37,0
11/1/2021,Baseball,29,29,0
12/1/2021,Baseball,20,20,0
1/1/2022,Baseball,19,20,0
2/1/2022,Baseball,26,24,0
3/1/2022,Baseball,45,36,0
4/1/2022,Baseball,66,50,0
5/1/2022,Baseball,68,49,0
6/1/2022,Baseball,72,47,0
7/1/2022,Baseball,64,44,0
8/1/2022,Baseball,66,45,0
9/1/2022,Baseball,49,37,0
10/1/2022,Baseball,49,35,0
11/1/2022,Baseball,24,28,0
12/1/2022,Baseball,19,20,0
1/1/2023,Baseball,23,24,0
2/1/2023,Baseball,31,29,0
3/1/2023,Baseball,100,85,1
4/1/2023,Baseball,73,55,0
5/1/2023,Baseball,74,52,0
6/1/2023,Baseball,81,52,1
7/1/2023,Baseball,70,51,0
8/1/2023,Baseball,69,51,0
9/1/2023,Baseball,48,43,0
10/1/2023,Baseball,46,44,0
11/1/2023,Baseball,30,38,0
12/1/2023,Baseball,22,29,0
1/1/2024,Baseball,22,32,0
2/1/2024,Baseball,33,34,0
3/1/2024,Baseball,49,41,0
4/1/2024,Baseball,62,58,0
5/1/2024,Baseball,71,55,0
6/1/2024,Baseball,70,57,0
7/1/2024,Baseball,59,53,0
8/1/2024,Baseball,55,50,0
9/1/2024,Baseball,45,47,0
10/1/2024,Baseball,45,52,0
11/1/2024,Baseball,36,56,0
12/1/2024,Baseball,22,29,0
1/1/2025,Baseball,23,33,0
2/1/2025,Baseball,37,40,0
3/1/2025,Baseball,58,46,0
4/1/2025,Baseball,68,56,0
1/1/2004,Field Hockey,66,0,0
2/1/2004,Field Hockey,67,0,0
3/1/2004,Field Hockey,70,0,0
4/1/2004,Field Hockey,67,0,0
5/1/2004,Field Hockey,56,0,0
6/1/2004,Field Hockey,46,0,0
7/1/2004,Field Hockey,36,0,0
8/1/2004,Field Hockey,71,0,0
9/1/2004,Field Hockey,73,0,1
10/1/2004,Field Hockey,61,0,0
11/1/2004,Field Hockey,62,0,0
12/1/2004,Field Hockey,55,0,0
1/1/2005,Field Hockey,56,0,0
2/1/2005,Field Hockey,59,0,0
3/1/2005,Field Hockey,55,0,0
4/1/2005,Field Hockey,51,0,0
5/1/2005,Field Hockey,47,0,0
6/1/2005,Field Hockey,33,0,0
7/1/2005,Field Hockey,31,0,0
8/1/2005,Field Hockey,48,0,0
9/1/2005,Field Hockey,61,0,0
10/1/2005,Field Hockey,70,0,0
11/1/2005,Field Hockey,67,0,0
12/1/2005,Field Hockey,61,0,0
1/1/2006,Field Hockey,64,0,0
2/1/2006,Field Hockey,92,0,0
3/1/2006,Field Hockey,61,0,0
4/1/2006,Field Hockey,48,0,0
5/1/2006,Field Hockey,47,0,0
6/1/2006,Field Hockey,38,0,0
7/1/2006,Field Hockey,34,0,0
8/1/2006,Field Hockey,39,0,0
9/1/2006,Field Hockey,63,0,1
10/1/2006,Field Hockey,66,0,0
11/1/2006,Field Hockey,55,0,0
12/1/2006,Field Hockey,48,0,0
1/1/2007,Field Hockey,53,0,0
2/1/2007,Field Hockey,54,0,0
3/1/2007,Field Hockey,53,0,0
4/1/2007,Field Hockey,48,0,0
5/1/2007,Field Hockey,39,0,0
6/1/2007,Field Hockey,30,0,0
7/1/2007,Field Hockey,28,0,0
8/1/2007,Field Hockey,38,0,0
9/1/2007,Field Hockey,48,0,0
10/1/2007,Field Hockey,52,0,0
11/1/2007,Field Hockey,51,0,0
12/1/2007,Field Hockey,43,0,0
1/1/2008,Field Hockey,50,81,0
2/1/2008,Field Hockey,50,100,0
3/1/2008,Field Hockey,47,82,0
4/1/2008,Field Hockey,45,62,0
5/1/2008,Field Hockey,39,62,0
6/1/2008,Field Hockey,30,43,0
7/1/2008,Field Hockey,26,33,0
8/1/2008,Field Hockey,54,46,1
9/1/2008,Field Hockey,42,35,0
10/1/2008,Field Hockey,46,42,0
11/1/2008,Field Hockey,45,45,0
12/1/2008,Field Hockey,37,44,0
1/1/2009,Field Hockey,41,43,0
2/1/2009,Field Hockey,40,43,0
3/1/2009,Field Hockey,41,43,0
4/1/2009,Field Hockey,36,41,0
5/1/2009,Field Hockey,34,36,0
6/1/2009,Field Hockey,27,25,0
7/1/2009,Field Hockey,23,22,0
8/1/2009,Field Hockey,30,23,0
9/1/2009,Field Hockey,40,27,0
10/1/2009,Field Hockey,43,35,0
11/1/2009,Field Hockey,42,32,0
12/1/2009,Field Hockey,37,33,0
1/1/2010,Field Hockey,39,34,0
2/1/2010,Field Hockey,100,50,1
3/1/2010,Field Hockey,64,49,0
4/1/2010,Field Hockey,32,29,0
5/1/2010,Field Hockey,33,25,0
6/1/2010,Field Hockey,25,19,0
7/1/2010,Field Hockey,22,17,0
8/1/2010,Field Hockey,27,17,0
9/1/2010,Field Hockey,38,23,0
10/1/2010,Field Hockey,46,28,0
11/1/2010,Field Hockey,39,24,0
12/1/2010,Field Hockey,31,24,0
1/1/2011,Field Hockey,35,26,0
2/1/2011,Field Hockey,34,23,0
3/1/2011,Field Hockey,35,22,0
4/1/2011,Field Hockey,34,22,0
5/1/2011,Field Hockey,30,22,0
6/1/2011,Field Hockey,27,18,0
7/1/2011,Field Hockey,19,14,0
8/1/2011,Field Hockey,26,14,0
9/1/2011,Field Hockey,36,19,0
10/1/2011,Field Hockey,38,19,0
11/1/2011,Field Hockey,35,23,0
12/1/2011,Field Hockey,32,18,0
1/1/2012,Field Hockey,34,20,0
2/1/2012,Field Hockey,37,22,0
3/1/2012,Field Hockey,34,18,0
4/1/2012,Field Hockey,30,19,0
5/1/2012,Field Hockey,32,17,0
6/1/2012,Field Hockey,28,15,0
7/1/2012,Field Hockey,35,16,0
8/1/2012,Field Hockey,70,30,1
9/1/2012,Field Hockey,32,14,0
10/1/2012,Field Hockey,31,15,0
11/1/2012,Field Hockey,31,15,0
12/1/2012,Field Hockey,31,18,0
1/1/2013,Field Hockey,32,19,0
2/1/2013,Field Hockey,32,21,0
3/1/2013,Field Hockey,34,19,0
4/1/2013,Field Hockey,26,15,0
5/1/2013,Field Hockey,29,16,0
6/1/2013,Field Hockey,24,14,0
7/1/2013,Field Hockey,17,11,0
8/1/2013,Field Hockey,26,14,0
9/1/2013,Field Hockey,30,14,0
10/1/2013,Field Hockey,32,16,0
11/1/2013,Field Hockey,32,17,0
12/1/2013,Field Hockey,26,18,0
1/1/2014,Field Hockey,32,18,0
2/1/2014,Field Hockey,94,25,0
3/1/2014,Field Hockey,30,16,0
4/1/2014,Field Hockey,25,15,0
5/1/2014,Field Hockey,32,15,1
6/1/2014,Field Hockey,47,19,0
7/1/2014,Field Hockey,19,11,0
8/1/2014,Field Hockey,22,12,0
9/1/2014,Field Hockey,29,13,0
10/1/2014,Field Hockey,34,20,0
11/1/2014,Field Hockey,31,17,0
12/1/2014,Field Hockey,36,22,0
1/1/2015,Field Hockey,29,16,0
2/1/2015,Field Hockey,29,16,0
3/1/2015,Field Hockey,28,15,0
4/1/2015,Field Hockey,26,16,0
5/1/2015,Field Hockey,27,15,0
6/1/2015,Field Hockey,26,15,0
7/1/2015,Field Hockey,19,11,0
8/1/2015,Field Hockey,21,11,0
9/1/2015,Field Hockey,29,13,0
10/1/2015,Field Hockey,31,13,0
11/1/2015,Field Hockey,31,15,0
12/1/2015,Field Hockey,26,15,0
1/1/2016,Field Hockey,27,16,0
2/1/2016,Field Hockey,29,15,0
3/1/2016,Field Hockey,26,13,0
4/1/2016,Field Hockey,27,14,0
5/1/2016,Field Hockey,22,13,0
6/1/2016,Field Hockey,26,12,0
7/1/2016,Field Hockey,15,9,0
8/1/2016,Field Hockey,65,19,1
9/1/2016,Field Hockey,36,13,0
10/1/2016,Field Hockey,37,16,0
11/1/2016,Field Hockey,12,14,0
12/1/2016,Field Hockey,6,14,0
1/1/2017,Field Hockey,6,0,0
2/1/2017,Field Hockey,8,0,0
3/1/2017,Field Hockey,12,0,0
4/1/2017,Field Hockey,10,0,0
5/1/2017,Field Hockey,11,0,0
6/1/2017,Field Hockey,19,0,0
7/1/2017,Field Hockey,10,0,0
8/1/2017,Field Hockey,18,5,0
9/1/2017,Field Hockey,16,4,0
10/1/2017,Field Hockey,19,7,0
11/1/2017,Field Hockey,15,5,0
12/1/2017,Field Hockey,12,4,0
1/1/2018,Field Hockey,9,3,0
2/1/2018,Field Hockey,11,4,0
3/1/2018,Field Hockey,9,3,0
4/1/2018,Field Hockey,12,4,0
5/1/2018,Field Hockey,8,3,0
6/1/2018,Field Hockey,12,5,0
7/1/2018,Field Hockey,16,5,0
8/1/2018,Field Hockey,23,8,0
9/1/2018,Field Hockey,16,7,0
10/1/2018,Field Hockey,17,6,0
11/1/2018,Field Hockey,20,11,1
12/1/2018,Field Hockey,32,10,0
1/1/2019,Field Hockey,8,3,0
2/1/2019,Field Hockey,9,3,0
3/1/2019,Field Hockey,9,3,0
4/1/2019,Field Hockey,9,3,0
5/1/2019,Field Hockey,10,4,0
6/1/2019,Field Hockey,12,4,0
7/1/2019,Field Hockey,8,3,0
8/1/2019,Field Hockey,14,4,0
9/1/2019,Field Hockey,14,4,0
10/1/2019,Field Hockey,13,4,0
11/1/2019,Field Hockey,14,4,0
12/1/2019,Field Hockey,7,3,0
1/1/2020,Field Hockey,8,3,0
2/1/2020,Field Hockey,9,3,0
3/1/2020,Field Hockey,6,2,0
4/1/2020,Field Hockey,4,2,0
5/1/2020,Field Hockey,5,2,0
6/1/2020,Field Hockey,5,2,0
7/1/2020,Field Hockey,5,2,0
8/1/2020,Field Hockey,6,2,0
9/1/2020,Field Hockey,9,2,0
10/1/2020,Field Hockey,7,3,0
11/1/2020,Field Hockey,6,2,0
12/1/2020,Field Hockey,5,2,0
1/1/2021,Field Hockey,4,2,0
2/1/2021,Field Hockey,5,2,0
3/1/2021,Field Hockey,7,3,0
4/1/2021,Field Hockey,7,3,0
5/1/2021,Field Hockey,8,3,0
6/1/2021,Field Hockey,11,3,0
7/1/2021,Field Hockey,30,9,0
8/1/2021,Field Hockey,85,34,0
9/1/2021,Field Hockey,14,3,0
10/1/2021,Field Hockey,11,3,0
11/1/2021,Field Hockey,11,3,0
12/1/2021,Field Hockey,9,4,0
1/1/2022,Field Hockey,7,2,0
2/1/2022,Field Hockey,9,3,0
3/1/2022,Field Hockey,8,2,0
4/1/2022,Field Hockey,8,3,0
5/1/2022,Field Hockey,9,3,0
6/1/2022,Field Hockey,9,3,0
7/1/2022,Field Hockey,15,4,0
8/1/2022,Field Hockey,23,8,0
9/1/2022,Field Hockey,11,3,0
10/1/2022,Field Hockey,11,3,0
11/1/2022,Field Hockey,11,3,0
12/1/2022,Field Hockey,7,2,0
1/1/2023,Field Hockey,38,9,1
2/1/2023,Field Hockey,7,2,0
3/1/2023,Field Hockey,5,2,0
4/1/2023,Field Hockey,4,1,0
5/1/2023,Field Hockey,5,1,0
6/1/2023,Field Hockey,6,1,0
7/1/2023,Field Hockey,4,1,0
8/1/2023,Field Hockey,10,2,0
9/1/2023,Field Hockey,9,2,0
10/1/2023,Field Hockey,9,2,0
11/1/2023,Field Hockey,8,2,0
12/1/2023,Field Hockey,4,1,0
1/1/2024,Field Hockey,5,1,0
2/1/2024,Field Hockey,4,1,0
3/1/2024,Field Hockey,4,1,0
4/1/2024,Field Hockey,4,1,0
5/1/2024,Field Hockey,5,1,0
6/1/2024,Field Hockey,5,1,0
7/1/2024,Field Hockey,17,2,0
8/1/2024,Field Hockey,46,7,0
9/1/2024,Field Hockey,9,2,0
10/1/2024,Field Hockey,8,2,0
11/1/2024,Field Hockey,8,1,0
12/1/2024,Field Hockey,4,1,0
1/1/2025,Field Hockey,4,1,0
2/1/2025,Field Hockey,5,1,0
3/1/2025,Field Hockey,4,1,0
4/1/2025,Field Hockey,4,1,0
